item_name,item_price,item_gender,item_img,item_web_listing
32 Degrees Men's Casual Short Sleeve Dress Shirt,$7.99,men,https://encrypted-tbn1.gstatic.com/shopping?q=tbn:ANd9GcRMeIxUWiK3L_Kn9i4g2Q7r-sQO_glGonHzAvgFWV_qwMyfUDkXuUQRf8oCQq1z2kIV9kznCde2Vwvzv9S9MXog-nl4xCtrFg,https://www.32degrees.com/products/mens-woven-button-up-shirt?variant=42166698049625&country=US&currency=USD&utm_medium=product_sync&utm_source=google&srsltid=AfmBOoptdJxxxK0EfMxDJXD45Wx1Fiy6fxD_AQ_EbOpHRT67yKN3aBznhKQ
32 Degrees Men's Stretch Comfort Long Sleeve Dress Shirt,$12.99,men,https://encrypted-tbn1.gstatic.com/shopping?q=tbn:ANd9GcS578n-scJCi-l5g52K_es4QmbtiJl1M1v5RZBjDawvrcLiaRjjND3OXTZxJkq9yFttsRqjYPNgJfe8bqAt0etDlqN0g9w5,https://www.32degrees.com/products/mens-stretch-woven-long-sleeve-button-up?variant=42202637860953&country=US&currency=USD&utm_medium=product_sync&utm_source=google&srsltid=AfmBOoqazE36lHYifXoelngwWXEmtnvaqTh0ulosfGE0Lq1lyjVxDbNbySA
7 Diamonds Landen Button Up Shirt,$89.00,unknown,https://encrypted-tbn1.gstatic.com/shopping?q=tbn:ANd9GcStblm5mPoTI24s1hcIUWf6XbEkdUtVM4sCZ0_W2b57D4FYtDokTDjtoljVRaf8jzoY-cPbVfwhPHTzI7gf7cW8az8M77dDO3n6H1xGKIWhF8E7IwOks_4sFV4,https://www.scheels.com/p/65878292920/?utm_source=google&utm_medium=cpc&utm_campaign=unpaidlistings?utm_source=google&utm_medium=cpc&utm_campaign=unpaidlistings_local&store=80
Abercrombie & Fitch Men's Brushed Button-Up Shirt,$49.99,men,https://encrypted-tbn3.gstatic.com/shopping?q=tbn:ANd9GcRvfu5z-GZBzEXhs4MuB2B_Y_WD87LWiyU7OI2GvBNHRoD4a1GmnPz7u-WeaSXqnGyhP1H_mhUTjY9iWbxua_UBnv2FWTrxxw,https://www.abercrombie.com/shop/us/p/brushed-button-up-shirt-62252843?seq=02&source=googleshopping
Abercrombie & Fitch Men's Camp Collar Button-Up Shirt,$16.97,men,https://encrypted-tbn2.gstatic.com/shopping?q=tbn:ANd9GcSgBTdXy551WAthhQrmapoNicQIupkhqeFDXeLTudiztVDgDRYs-B-PjuqnJNmtScXtlOpa1VR_uWKtEW4-aqZEeLq2l2Gw,https://www.abercrombie.com/shop/us/p/camp-collar-textured-button-up-shirt-59793334?seq=01&source=googleshopping
Abercrombie & Fitch Men's Camp Collar Cupro Shirt,$26.97,men,https://encrypted-tbn1.gstatic.com/shopping?q=tbn:ANd9GcRH698-WOOQNKJ57mOH5MRgiwTEsZj6Ddgo1_tKl3ULkpdONmVLSGbCUH4DgHFL5H6HRlpvswQEKprhnYiFbaamwVBm5oi-,https://www.abercrombie.com/shop/us/p/camp-collar-cropped-cupro-shirt-61283333?seq=05&source=googleshopping
Abercrombie & Fitch Men's Cotton Button-Up Shirt,$49.99,men,https://encrypted-tbn1.gstatic.com/shopping?q=tbn:ANd9GcS1v4ri03KdEnCIe9m7rdRRq2aSxN5Mtr2gmrJKhgp2XeeuGYsEPA4bxDMSkdTqLpgHyUo8KHy8M1J35GP8n0WsPSR2el-KIA,https://www.abercrombie.com/shop/us/p/linen-blend-button-up-shirt-62436820?seq=03&source=googleshopping
Abercrombie & Fitch Men's Go-To Shirt,$22.97,men,https://encrypted-tbn0.gstatic.com/shopping?q=tbn:ANd9GcTeEwc3ad16tvV5Ax2H3Kapomsdy0DmXlHM4DrXA4wI6hgIa2Sk5wEoz0jXv9sv8IPBeS4ztSl5vuU0CQ1lIQyf6WDwMwBPMQ,https://www.abercrombie.com/shop/us/p/a-and-f-go-to-shirt-59620847?seq=07&source=googleshopping
Abercrombie & Fitch Men's Lightweight Crinkle Plaid Button-Up Shirt,$22.97,men,https://encrypted-tbn2.gstatic.com/shopping?q=tbn:ANd9GcS7sTiH1ddIXXtHixZuO3SKGBvFloepfK9bQzdTlTBu2g_n88wlo-cLxm4ITR8d0uPnlF1pT-CWL8Lq0V0jK8IVHqFUXdLa6w,https://www.abercrombie.com/shop/us/p/lightweight-crinkle-button-up-shirt-61283819?seq=02&source=googleshopping
Abercrombie & Fitch Men's Linen Button-Up Shirt,$44.99,men,https://encrypted-tbn0.gstatic.com/shopping?q=tbn:ANd9GcRzJfE-RMoOHk4Hi518to4s01mKNPj8M06Wu3GNz2T8riNbQyX6uJbM70HAlHnsSpGYR3hcqMsX4wctRv9AMo2jNalYFpp2YA,https://www.abercrombie.com/shop/us/p/linen-button-up-shirt-62028338?seq=03&source=googleshopping
Abercrombie & Fitch Men's Linen-Blend Short-Sleeve Button-Up Shirt,$22.97,men,https://encrypted-tbn1.gstatic.com/shopping?q=tbn:ANd9GcQrX3Rs1yCMLieKoTAtUwsKzWBhGB3vJHbdHWGnzxbi5X0rhFnO2xPz4NxqbCu6q1o3tU65qMNZumSO07FWfnwGwq2xAA023A,https://www.abercrombie.com/shop/us/p/short-sleeve-summer-linen-blend-button-up-shirt-60962828?seq=03&source=googleshopping
Abercrombie & Fitch Men's Long-Sleeve Plaid Button-Up Shirt,$22.97,men,https://encrypted-tbn2.gstatic.com/shopping?q=tbn:ANd9GcRHRHoNUZgxBK5hr2jVP2DYFwhqhMDK-4niiEzQFo0vmrjkv6n9FwVDUtblIYKTBgBJWan1Dzxy079wQZM8LrqKRUF6p-korQ,https://www.abercrombie.com/shop/us/p/long-sleeve-textural-plaid-button-up-shirt-60450858?seq=05&source=googleshopping
Abercrombie & Fitch Men's Plaid Button-Up Shirt,$34.99,men,https://encrypted-tbn0.gstatic.com/shopping?q=tbn:ANd9GcQf-qFLzaqd6o3OqQZbKsBEOb19s7IO-d_cMbx_RBJ-IRgKLmAIN9CH0gNEhs_babomxPaAIoWW6pSgpgPI3zL_MQdnfGMYUA,https://www.abercrombie.com/shop/us/p/cropped-garment-dye-plaid-button-up-shirt-61537390?seq=02&source=googleshopping
Abercrombie & Fitch Men's Poplin Graphic Short-Sleeve Button-Up Shirt,$70.00,men,https://encrypted-tbn1.gstatic.com/shopping?q=tbn:ANd9GcRtqQXJDr9TfXPjNNKPE2nlSkZTCHQvMFBRBnhFwFzVpljOoRrx7cQdybxHWVjzlLmEBvcv0fIPRlC-MtBEqyH9gK5LTcpk,https://www.abercrombie.com/shop/us/p/short-sleeve-cropped-poplin-graphic-button-up-shirt-59866325?seq=01&source=googleshopping
Abercrombie & Fitch Men's Resort Shirt,$60.00,men,https://encrypted-tbn2.gstatic.com/shopping?q=tbn:ANd9GcQ1u5kQdet5XcFSqrMenmyIhebHUdAeGPPZrdeAGkfm4-HIeX0MgBS_S1P356nwV8-OfJVoOXDEswGk5vbe2LTka1rKs4RzQg,https://www.abercrombie.com/shop/us/p/a-and-f-resort-shirt-61849330?seq=13&source=googleshopping
Abercrombie & Fitch Men's Short-Sleeve Button-Up Shirt,$32.97,men,https://encrypted-tbn2.gstatic.com/shopping?q=tbn:ANd9GcSczqUpkHWUiJ_spbdpFuVb4xIVsVsb3xtkMDeqNXy8Auq7G-aYTm9ofrvZJgrXyW-8u63T-xZAaY3GKHybQMHhDiP1sXff,https://www.abercrombie.com/shop/us/p/short-sleeve-cropped-guinness-workwear-button-up-shirt-59620862?seq=06&source=googleshopping
Abercrombie & Fitch Men's Short-Sleeve Cupro Button-Up Shirt,$26.97,men,https://encrypted-tbn1.gstatic.com/shopping?q=tbn:ANd9GcQESgUOXQkyi-YfCSDQ0sYJvMKnxTv7Mq0Aqg1OngnHltFHKxyCZzd_-WsF4ef0ARLdX-hENHaHlMMXA8VHjw-Eg8svBXFqDg,https://www.abercrombie.com/shop/us/p/short-sleeve-cupro-button-up-shirt-61537372?seq=01&source=googleshopping
Abercrombie & Fitch Women's Oversized Poplin Shirt,$75.00,women,https://encrypted-tbn1.gstatic.com/shopping?q=tbn:ANd9GcTi_qLROTb7_4TQgsK8tmWJdZa2MYxOj28csbri3P1s_46j0TJYaij6OOQyTen4C4C02rLc80QO0XH1DM_IgQkeWpc9ybjj,https://www.abercrombie.com/shop/us/p/oversized-poplin-shirt-56712819?seq=03&source=googleshopping
AE Men's Everyday Relaxed Oxford Button-Up Shirt,$19.98,men,https://encrypted-tbn3.gstatic.com/shopping?q=tbn:ANd9GcRvkKI1dQPObvrRrIWV5Av1WQl-op713u4EvfilfoqOz9ZpMpHdM6xt86rp-tiiofzKlD-fkO-kvCvdhXrTHijdDNKl-hqp,https://www.ae.com/us/en/p/men/tops/shirts-flannels/ae-everyday-classic-fit-oxford-button-up-shirt/0153_2727_400?menu=cat4840004&sty_de_label=%0A++++++stylitics-data-enrichment-test%0A++++
AE Men's Everyday Standard Fit Poplin Button-Up Shirt,$38.46,men,https://encrypted-tbn2.gstatic.com/shopping?q=tbn:ANd9GcQDNbxw56Q67q335xNkoVr47DGy2a2EswwJy3aXn263uB6UmpP2BrDmsdlutJcAGPrY7m_vUw6PbvGP14DjuSP60hF7d_5cDw,https://www.ae.com/us/en/p/men/tops/shirts-flannels/ae-everyday-standard-fit-poplin-button-up-shirt/0153_3084_405?menu=cat4840004
AE Men's Relaxed Fit Camp Collar Shirt,$32.97,men,https://encrypted-tbn2.gstatic.com/shopping?q=tbn:ANd9GcTDyKCX4771SJPniX1KXGyFfv4zcnJf8Dua9cFdi7C7Q-zO6xPwxAIZpZpsI3nKh6vdghICv3-YnICDN0EzFrpd-NfYnWlSag,https://www.ae.com/us/en/p/men/men/matching-sets/ae-relaxed-fit-short-sleeve-camp-collar-shirt/2154_3046_401?menu=cat4840004
AE Men's Relaxed Fit Oxford Button-Up Shirt,$38.46,men,https://encrypted-tbn0.gstatic.com/shopping?q=tbn:ANd9GcSSefQEqST9YDj4rAwKtmap9QXidY4FTvNAVmVvv85rLq9HhpyvH_P3JByS9TeDpr94GDdOMnzU9WXt9DGannXYo3eAdNo,https://www.ae.com/us/en/p/men/tops/shirts-flannels/ae-relaxed-fit-oxford-button-up-shirt/0153_3029_400?menu=cat4840004
AE Men's Relaxed Fit Oxford Shirt,$38.46,men,https://encrypted-tbn3.gstatic.com/shopping?q=tbn:ANd9GcShE9Ve5NxnIU0haQ2RAUelnGf77RelRfhGGD7NC9tVpSMjquG8uaBGY21Ki6rP2o_2IxmzB57C8iYFq1ixCjC9KVcBdp8K,https://www.ae.com/us/en/p/men/tops/shirts-flannels/ae-everyday-relaxed-fit-oxford-shirt/0153_3026_823?menu=cat4840004&sty_de_label=%0A++++++stylitics-data-enrichment-control%0A++++
AE Men's Relaxed Fit Poplin Button-Up Shirt,$38.46,men,https://encrypted-tbn2.gstatic.com/shopping?q=tbn:ANd9GcQQ3DA3RsfQHjbbgEFkqj1yaiSE042vUwKWKoHm3VoA653NjwATzLrzpd5mMTeIbyORUU6IR71hfPB7SaRnNIAHBQWZOaiG,https://www.ae.com/us/en/p/men/tops/shirts-flannels/ae-everyday-relaxed-fit-poplin-button-up-shirt/0153_3025_050?menu=cat4840004&sty_de_label=%0A++++++stylitics-data-enrichment-control%0A++++
AE Men's Standard Fit Oxford Button-Up Shirt,$38.46,men,https://encrypted-tbn3.gstatic.com/shopping?q=tbn:ANd9GcSkzz53H4DnpriS8tf2ERfzpY-SG8-oPXhfRZViXO0zoQ9C_2Mb-5eW0KTtdPhrphCdk99-_NWW8ncq50cE03vbNaxQhL8z,https://www.ae.com/us/en/p/men/tops/shirts-flannels/ae-standard-fit-oxford-button-up-shirt/0153_3082_800?menu=cat4840004&sty_de_label=%0A++++++stylitics-data-enrichment-control%0A++++
AE Perfect Button-Up Shirt,$27.96,women,https://encrypted-tbn0.gstatic.com/shopping?q=tbn:ANd9GcTIo4phgYppusqkiEXgeWDwh--VLOfoH3xqgVsAVoJ0KLbY_c-tgDcq_BOyaJt9wLMvlsW0P3tfjBF8d4VPlK-akKxM4x7xcA,https://www.ae.com/us/en/p/women/shirts-blouses/button-up-shirts/ae-perfect-button-up-shirt/0355_6246_106?menu=cat4840004&sty_de_label=%0A++++++stylitics-data-enrichment-test%0A++++
AE Women's Plaid Button-Down Shirt,$21.98,women,https://encrypted-tbn2.gstatic.com/shopping?q=tbn:ANd9GcQQgPcQHWnNBWrWnUxW3SYtRlx7YmrdH0ND-ti3kIzmcNUrVsJ8sWjcBhrIIML9e8gkQDDKv2pzDlVgUBVjWbcyunp9aRTtAg,https://www.ae.com/us/en/p/women/shirts-blouses/button-up-shirts/ae-plaid-button-down-shirt/1354_6669_639?menu=cat4840004&sty_de_label=%0A++++++stylitics-data-enrichment-test%0A++++
Aerie Nice Moves Button Up,$39.00,unknown,https://encrypted-tbn1.gstatic.com/shopping?q=tbn:ANd9GcS_xUPcSB1lgv5XrIaNwDvAReWF46y461MB_p_c-wTLmorDk5imqaNeL8Lr6OL70b4R1ocbqJpTVJqyUo3muNUtPHHzo5vL,https://www.ae.com/us/en/p/aerie/tops/jackets/offline-by-aerie-nice-moves-button-up/2168_2147_073?menu=cat1090003&ip=off
Aritzia Women's Babaton Blueprint Poplin Shirt,$88.00,women,https://encrypted-tbn2.gstatic.com/shopping?q=tbn:ANd9GcSMPq-jwqF1JQNWTeJt0YDj5wgQ4HOPvdL7YaM5rPl86LE75hZlxInyaFYfHm2Fse6N8Nxe0mpZfNR-bOS4UMMD1PSGpXgEKdRXpy5gQuq8-uQZlnHk0SKgaw,https://www.aritzia.com/us/en/product/blueprint-poplin-shirt/125541009.html?srsltid=AfmBOorT-LsWvk2vijozyLYBjqHkuG5d_Y_NZ-sUNtg5-NBcx8wH8nEzrwI
Banana Republic Women's Silky Cotton Short-Sleeve Button-Down Top,$60.00,women,https://encrypted-tbn1.gstatic.com/shopping?q=tbn:ANd9GcRdqmnQYiqa4voaD5LZqcPZmm-CConldJpKlR4xPyrEkF0GxEAQiFsknxhE40L4VHwBfxe1P1qpy5zahl0j1pHt_sFTiPgrwz1MQawNr5A6jM-1BH3oGoTZ,https://bananarepublic.gap.com/browse/product.do?pid=872936002&vid=1&tid=brns000051
Barcelona Cotton Button Down,$59.00,unknown,https://encrypted-tbn2.gstatic.com/shopping?q=tbn:ANd9GcRFGrRDbKOLoJ-fgZMzbC9FgyH7Vp1fPwF2DHB3TrOrXMs0I9Vx3RySKYonFqLXCVhONqlpwlC2kHL7Rii83pk1-12s3e9xP7UCp_HUsW_kGHUK7H84m2ttYQ,https://www.naturallife.com/products/barcelona-cotton-button-down-english-garden-charcoal?srsltid=AfmBOoq_TT8jn2YpJng-d4AVw5KSkEk75IWvTHkBPbKMAMgN4nXXly3IPBc
BDG Alex Oversized Cotton Button-Down Shirt,$59.00,unknown,https://encrypted-tbn1.gstatic.com/shopping?q=tbn:ANd9GcSjW5_hi4KuVnCzLaw9EXiADxjR37A0y4T-3PgxzPGMB-IWUHyxZzuBUwAXHtj5Nc99A9PhKWgBU5jrekqidYqvzIBiEaVcsA,https://www.urbanoutfitters.com/shop/bdg-alex-oversized-cotton-button-down-shirt?color=072&size=S&type=STANDARD&srsltid=AfmBOorbKYtkiC3AnKmbeugj0UoD8UTkEJw8BvRLNWZlqFtKqh4um2WdLYM
Brooklyn Industries Men's Checkered Cotton Button-Up Shirt,$68.60,men,https://encrypted-tbn1.gstatic.com/shopping?q=tbn:ANd9GcSd8VMV1JOg4PsowLIs5fDm57gtJve2yoLVquNcPpBdQL5EBN7tO0aif8TpPDyAg3WR8_X33Mk7ehMUmv_iBszTn6xyFueXLB3PN5f9Ls27aTYnsKKncPVEtw,https://brooklynindustries.com/products/mens-brooklyn-check-short-sleeve-shirt-in-total-eclipse-check?srsltid=AfmBOoqfTvNuMg2sUxMnsmV3i9AiA0bsPKHvneS_ozRg-RRqWBWpTPJtbbI
Burlebo Performance Button Up,$59.00,men,https://encrypted-tbn1.gstatic.com/shopping?q=tbn:ANd9GcQj-vg3L_0--KjGrhCh3dDJr9w2rVPyDymZBcSpKyHsOzKDuyNmREIGABKmbI4TA7Q0m3Wi-Nb8IOMLzflF4vH2b09HwypHW46EPQbOXu1Iy6uccVb6qw4CRQ,https://shopcrazyhouse.com/en-us/products/mens-burlebo-performance-button-up-brush-country-pbu-brcty?variant=46230552281257&country=US&currency=USD&utm_medium=product_sync&utm_source=google&utm_content=sag_organic&utm_campaign=sag_organic&srsltid=AfmBOoqzTTQyNxLfLfhb31Fqluzdth61cYouCnihwiqOtDv8KX2KvatFmdM
Carhartt Men's Loose Fit Midweight Chambray Short Sleeve Shirt,$39.99,men,https://imgcdn.carhartt.com/is/image/Carhartt/104369_CBL?$1024x1024$,https://www.carhartt.com/product/104369-CBLXLREG/loose-fit-midweight-chambray-short-sleeve-shirt
Charlotte Oversized Button Up Shirt,$39.00,unknown,https://encrypted-tbn3.gstatic.com/shopping?q=tbn:ANd9GcQ2ItkmCpDqzTrIzXYQCVeyglKNFdjVk2bsEyHxnhmpuwe6NDMCEA0tQp6LBb_md5DIYabXdV0aSOwlrY4dyI2yNCUr6ufc2Aokgx5gFF-d,https://thecommense.com/collections/Shirts/products/charlotte-oversized-button-up-collared-shirt?variant=43766303162625&srsltid=AfmBOoosiJ3HHdnfB2cvtWveT2ylVnrEHJXy1Uwe1Rp1sxEgMjMD5BSAoGQ
Chubbies Men's Scenic Route Slub Poplin Shirt,$64.50,men,https://encrypted-tbn1.gstatic.com/shopping?q=tbn:ANd9GcRi_UcWXLcdLK3HcxYCBqwe-OP0f6EG8GLzg0uW50jHxlL1JlIzsci6luMWrSKyL9pSDRBRv8lvrv6mSjQq1XT-T-CgxUD6dlgPPCr-uoUeJGNuOjKosUt2Sw,https://www.dickssportinggoods.com/p/chubbies-mens-friday-shirt-23hyhmthclltdyxxxgct/23hyhmthclltdyxxxgct?sku=26934415&srsltid=AfmBOoozjJ5hbpvsUskWAAoxfwnHrjocGZzwRs66GM-QaWeB7-p-D5nkThA
CINCH Men's Striped Long Sleeve Western Shirt,$64.00,men,https://encrypted-tbn3.gstatic.com/shopping?q=tbn:ANd9GcRYWWqWNUfLd4GyHoyndVqEiXYjbTdCdL_-2vyohYe9qAsF2He3Pj-ENBAy8NS3zb4SipR5-EUAQApdHuHcbBMvOocmAgU17FptFGtSEdPlLrxJKVqZPKZd,https://boltranchstore.com/products/cinch-mens-long-sleeve-stripe-in-olive?variant=45466659717298&country=US&currency=USD&utm_medium=product_sync&utm_source=google&utm_content=sag_organic&utm_campaign=sag_organic&srsltid=AfmBOoowyQ7IPfW92bS23ltuWe6vENOWXrab59WchQttRd57Z2fNNaXuv7g
Columbia Men's Rapid Rivers II Long Sleeve Shirt,$42.00,men,https://encrypted-tbn3.gstatic.com/shopping?q=tbn:ANd9GcQfMQqT0v0Nqwffnmjzg7EY1t7GF-k2b3TEXp-ux-y_GtZXXR8vzxZsSV60HGkY33yR6kUGGS0Wmqds4kvbHI1D8fuj7L2rHWy_WCSDdPkwCw5E_PyNSZcY,https://www.columbia.com/p/mens-rapid-rivers-ii-long-sleeve-shirt-1552051.html?color=435&size=XXL&srsltid=AfmBOoomCjxGfkr4FiaeplianFhOfseWin8SPqiEte9CXghNlxpGL9oYnwM
Columbia Men's Slack Tide Camp Shirt,$37.50,men,https://encrypted-tbn3.gstatic.com/shopping?q=tbn:ANd9GcR4yVPMlJsko9-DH_-Ry_uLTUjxqI50EMzHGcf0sSuhmHOymhwZFYrvxaHcxE2opkS3LOBwZ0JGlYMYx41iQC1RSqedk0YLalxJ-AN6NKmXHJFhrdXfH-p3,https://www.columbia.com/p/mens-pfg-slack-tide-camp-shirt-1577051.html?color=469&size=XXL&srsltid=AfmBOor4uXFEw1IklUyV56iHaN_rFYSFy4PNYOQtfPOwiW9xE5WkAP8Ao2s
COOFANDY Long Sleeve Button Down Dress Shirt,$32.99,men,https://encrypted-tbn3.gstatic.com/shopping?q=tbn:ANd9GcS_2YOuNyuVbmCGEJzhJFa0cjkb5dRhw2D5I3Ty22n-awlNJ8ZUCkiNOz55ZttSW0tX8DITL6tH5RiShTIlTUVqoUhubfhm,https://www.kohls.com/product/prd-8137881/coofandy-men-button-down-dress-shirts-long-sleeve-formal-shirt-untucked-polyester-shirt.jsp?skuid=66389121&CID=seo_offers&utm_campaign=SAG&utm_medium=organic&utm_source=google&utm_product=66389121
COOFANDY Regular Fit Button Down Dress Shirt,$29.99,men,https://encrypted-tbn3.gstatic.com/shopping?q=tbn:ANd9GcSvR_Cur-vKwxj8D4xWpW4eCssqFZWkaEf7X82hIrLucvO9qrU9YmJmd18LOsatV5QVwSRPl-u5tg8UULxFGNxx71CO2FicmQ,https://www.kohls.com/product/prd-8137825/coofandy-mens-dress-shirts-wrinkle-free-long-sleeve-button-down-shirt-formal-business-shirts.jsp?skuid=63652431&CID=seo_offers&utm_campaign=SAG&utm_medium=organic&utm_source=google&utm_product=63652431
Cotton Button Down Top with Laid Back,$59.00,unknown,https://encrypted-tbn2.gstatic.com/shopping?q=tbn:ANd9GcRvGKF3fY7KJT8bybZIPcdVueWSFBTra7ARIBrHAe8kgRfOhp-jiiX0pTwpk0oMWMlpP3gtRp9k7BsZlI-ecURhfAIDKC4dQg,https://www.naturallife.com/products/laid-back-cotton-button-down-top-blue?srsltid=AfmBOop3DBN9jQxUgH_rQ-funL4mE1Fj7tLa6P98Phdy6NUal1TATmwxhD0
Cremieux Blue Label Men's Brrr Twill Plaid Long Sleeve Shirt,$89.50,men,https://encrypted-tbn2.gstatic.com/shopping?q=tbn:ANd9GcSTYj7g6Wf0hkYVkwg2e7uArMb5fB2oTuwySO95uZNFoqCtyNS7xxwonXmLIlh_kkovwOG7mxqlUiPWpWWY-QlJZt3ZY5tpgL0eNZ7v-11TMqFR7ZyC4VCXv-0,https://www.dillards.com/p/cremieux-blue-label-brrr-twill-check-long-sleeve-woven-shirt/521220795?googleShop=Y&srsltid=AfmBOorniLab8LwiO3bMK3quqT2D9rcdWyavXVGXvbgspksZVGxx5qqYuDo
Denim Forum Women's The '80s Comfy Denim Shirt,$98.00,women,https://encrypted-tbn2.gstatic.com/shopping?q=tbn:ANd9GcSRiLyP6NXotxVOQ9leOu91PTuGmdBmYJ5ZHfV-Fpy_UN7UfBjf-bv834x5VN_4UBH4VU2VQHHGUiaBNlS1HAYahYSk7txY8pAhOWGnWjhgs42X439qR6R7,https://www.aritzia.com/us/en/product/the-'80s-comfy-denim-shirt/110064007.html?srsltid=AfmBOoryuNnyZ-M8TK5Y3O4nH7CmWgSMsurbiwcgGArEzE3LfBTjR04cHEc
Dickies Men's Long Sleeve Work Shirt,$29.99,men,https://encrypted-tbn3.gstatic.com/shopping?q=tbn:ANd9GcQef65BAKKd2RbXtdCSG0HhsAlLA6didu1T9Va1PHC0e4vqYTGTAogQW2kNwhB42g7w1KzitCM8NfR5z987ViX31auCV1-duQ_YJHkhF7EKEUQkU2M-wjMp8g,https://www.dickies.com/en-us/products/long-sleeve-work-shirt-dk0005740kh?variant=46024887337148
Duluth Trading Company Men's Slim Fit Flannel Shirt,$15.97,men,https://encrypted-tbn0.gstatic.com/shopping?q=tbn:ANd9GcQotuHGhi_LNRbKnJoqX5vS_Mb_sFCfxU7n7Rl_ksA3wMqHkxYIkiBcrQSXOVxg6Mm2r53Yln79boWVeQJoZcfvtvhQLp9zHDgEVtcUKaEeCF6W4h5xoYMI2A,https://www.duluthtrading.com/mens-free-swingin-flannel-slim-fit-shirt-64507.html?
Edikted Women's Kellen Oversized Cotton Button Up Shirt,$33.00,women,https://encrypted-tbn2.gstatic.com/shopping?q=tbn:ANd9GcQIAWZG1-nviGxW5U4Iz0dN9yIx8whiss2Qubazv-Mo1qOqRzaXswF_ch8oyn6RRdXNDNMXbFp45nvfmF6FrFHT_asXVMU9TtXHpsziRGZxlQNLGGZP6WhzGw,https://edikted.com/products/s19897_pink?variant=46686676025511&currency=USD&utm_medium=product_sync&utm_source=google&utm_content=sag_organic&utm_campaign=sag_organic&country=US&srsltid=AfmBOopdgIk_TZyfA1O4Q8mDYYUDUwiAH8LECFpH6_z3VqGLW-txrP930rQ
Edikted Women's Massie Tailored Button Up Shirt,$29.00,women,https://encrypted-tbn1.gstatic.com/shopping?q=tbn:ANd9GcTLKRzSKRTt_3MosEWPOAJ7RQubjNT0EJMi0RQHdFGmh_Pg75x7vwfh0VmyvBB-Dx9rCEjtiypVrXZFa7_hUDt3s3nIm9FglXSiAsu41dM3_Y0jmPlgRkx4pg,https://edikted.com/products/s17302_light-blue?variant=46792337031335&currency=USD&utm_medium=product_sync&utm_source=google&utm_content=sag_organic&utm_campaign=sag_organic&country=US&srsltid=AfmBOooQflgESDIisp1d3O-R-FKFqqC9kW9z_dsgonHuTeRdtVgJjB4unRY
Edikted Women's Tezlie Button Up Shirt,$31.00,women,https://encrypted-tbn2.gstatic.com/shopping?q=tbn:ANd9GcTHpDuRQ0MIIOAPPOC2dVvvBFJzh7F_D5lasPVvIDlfdlc1pKhPCRvWDspuEx5tsSV_0Ck5PUx8mdiJZAyK8q_JDINtTWg6umGaple1z4a7euvv6lTPt8Vi5g,https://edikted.com/products/s19591_yellow?variant=46711315005607&currency=USD&utm_medium=product_sync&utm_source=google&utm_content=sag_organic&utm_campaign=sag_organic&country=US&srsltid=AfmBOorY6zRxS2hQezWFifneoUN1LlRH0tdxVYR4X_WkSxTQFiJyQGu0-o0
Elk Lumberjack Flannel Shirt,$55.00,unknown,https://encrypted-tbn3.gstatic.com/shopping?q=tbn:ANd9GcRjM0i3Suo6Rfxjl2tCkj4fAytlNoONjUN5iOVfs4ReDr-vBDku-SJ0EzqLzmlgOOQijEj0HvFhTWa_il9xgAmI_gXISCOMDtN4tFXv765NYuWOUO3__F6zCw,https://blueridgethread.com/products/the-elk-lumberjack-flannel-long-sleeve-shirt?variant=47280015147292&country=US&currency=USD&utm_medium=product_sync&utm_source=google&utm_content=sag_organic&utm_campaign=sag_organic&srsltid=AfmBOoo2d8FsIHAgwKe8AC5FdIINz1yj8d8U5hi_8xdjsoj55MN4mmVqkNk
English Garden Kelly Oversized Cotton Button Down,$49.00,unknown,https://encrypted-tbn1.gstatic.com/shopping?q=tbn:ANd9GcTJvtbkEnrqmAYvCZbYBOU9KNdBjDeJf12e2XSckPJNiXlcEcIXP9xicA1PSQ0nOdLWGahOFKwa8MS-kkDX16pLNRBHEXPGt4VCmvkbZWRSrcQEa5nCdqs86g,https://www.naturallife.com/products/kelly-oversized-cotton-button-down-english-garden-charcoal?srsltid=AfmBOoqaWBaW6FlNbTNHwO9-bXGkwI1zWbNtDbOeZDEGtkQtS5cOriIupPI
Express Men's Slim Stretch Modern Tech Dress Shirt,$78.00,men,https://encrypted-tbn0.gstatic.com/shopping?q=tbn:ANd9GcTf-0BCoWqj6ZOpyX86en2k5McQv_H_2szmEeSy5LWlIp_OhVwSLVKpM6-B8cRD-0CrPOTSxJs9QpeFLMJuBbL55QXSDsdy3A,https://www.express.com/clothing/men/slim-stretch-modern-tech-1mx-dress-shirt/pro/06039140/
Fashion Nova Belize Printed Long Sleeve Button Up Shirt,$23.99,unknown,https://encrypted-tbn1.gstatic.com/shopping?q=tbn:ANd9GcS7AFHj6IeRd7sI4yli2H15D7CrprMtskSRcEy6yo0wLlpCDn6v_58g9tXyB6G4sxIz0hvfZjEQVNmaNGpVQMPYkyAYUnPeNb1Hzmj8sQ3gnLR_KkfUa4pHJQ,https://www.fashionnova.com/products/belize-printed-shirt-teal-combo?variant=39275741937788&currency=USD
Fashion Nova Camisa Sandy Flowy Short Sleeve Button Up Shirt,$15.99,unknown,https://encrypted-tbn0.gstatic.com/shopping?q=tbn:ANd9GcRzy1IyoJe2Ivrcj3kJa180pCgWNOmyegZB6v6Xm1GtsI-2uqaREHfR1L0rE0i4BpSVrCjvJF9vTaQJnh8UUIY4tH-6CiMfJtz9rjI2wvWyNb8t3D1xhs7deQ,https://www.fashionnova.com/products/sandy-flowy-shirt-black?variant=39285768454268&currency=USD
Fashion Nova Floral Long Sleeve Button Up Shirt,$23.99,unknown,https://encrypted-tbn0.gstatic.com/shopping?q=tbn:ANd9GcQjK0fKDlDYEZeabT-r4XKxS32HASKj6lGXuifPpGk_fkgUOHT5ycmgbVCw2jR1lhyueGHu2OvrBTlgB22OR0jdOZrW3S1_fohZNg_BlZ-IqNMlm3CRaue-lQ,https://www.fashionnova.com/products/floral-emotions-top-white-combo?variant=12189555490940&currency=USD
Fashion Nova Long Sleeve Button Up Shirt,$16.00,unknown,https://encrypted-tbn2.gstatic.com/shopping?q=tbn:ANd9GcR_cGoKuDsZ3NwxEzyDoW7zENVFNQUVCPwv1xOOeeS5B6MZPy2Dj1afkp5a5dNDPXaVKNqcuWrfO0fRTpcOAzNV6Az4CXwfghpFMccMfKLhSWWnfJ83cHsuCA,https://www.fashionnova.com/products/closet-staple-poplin-shirt-pink?variant=39262790582396&currency=USD
Fashion Nova Long Sleeve Poplin Button Up Shirt,$20.99,unknown,https://encrypted-tbn0.gstatic.com/shopping?q=tbn:ANd9GcQqtJEGiVgXYdkyNxIuAnGvtvMawCgB_Qzk78dWvZKl80ek4WYGj907442Zn2Wt8sICLdbWETngk7UJk3fyJb4WGvHHQww6cTCcswXy18u4_T2ayIJ7Rjyf0g,https://www.fashionnova.com/products/alaia-poplin-button-up-shirt-yellow?variant=39293835378812&currency=USD
Fashion Nova Long Sleeve Stripes Button Up Shirt,$19.99,unknown,https://encrypted-tbn1.gstatic.com/shopping?q=tbn:ANd9GcRhq_eKVXAKUx6NsKA8NXqp706ukJ4lZs5N3atA2TlAj4Uvso2FVH-KtQf61BuqnPYufaBRd2cbyMUhuupN9geW0VCl4JMLeblvIbEovz2RJk2tgMRNYI0CRw,https://www.fashionnova.com/products/stripes-on-stripes-button-down-shirt-blue?variant=12197024989308&currency=USD
Fashion Nova Long Sleeve Western Charm,$19.99,unknown,https://encrypted-tbn3.gstatic.com/shopping?q=tbn:ANd9GcQhgqCowoiehe7lx7mmHcQzStXA16A_LEGxgBU-UTepxi4rTcqD-dDY93DMEHJ5i1A7rsIWX9b--4-R-qLffnS7da_5s0lmrkALAUxOSwm_ZElEc8b-l4KTbQ,https://www.fashionnova.com/products/western-charm-tencel-shirt-medium-wash?variant=39288511234172&currency=USD
Fashion Nova Men's Bel Air Prism Button Up Shirt,$9.00,men,https://encrypted-tbn2.gstatic.com/shopping?q=tbn:ANd9GcSF6PncDM09-qqqV4WS5YgY-VdV919o6tF9S2Ia_Nw1hYD738rjb3UEG1KKvIM8LKqRQD_BizyoXJUum1fUmD6cerAhbj5zIyhXy-i9V3ckchhgGxkKbiJ_,https://www.fashionnova.com/products/bel-air-prism-button-up-shirt-fncolorname-black?variant=39300073390204&currency=USD
Fashion Nova Men's Boxy Utility Snap Panel Button Up Shirt,$31.99,men,https://encrypted-tbn1.gstatic.com/shopping?q=tbn:ANd9GcQRo0ZSqq1lBEuJJFc8WphzH7Mw_vS8NUsG9j_AlU2_UIEUbhfWhv883G-DOWHS8kW-ZEToPfS-xyfp3aCTxZkOe_jYCapJz_GhdBMddP7QR_U66nmQHys4Jg,https://www.fashionnova.com/products/boxy-utility-snap-panel-button-up-shirt-dark-wash?variant=39298371387516&currency=USD
Fashion Nova Men's Crosshatch Closed Collar Button Up Shirt,$19.99,men,https://encrypted-tbn0.gstatic.com/shopping?q=tbn:ANd9GcSQds6E37IKTye6SLN_vOohyY9VE9yQrqd37Ztiu4wucpX7p9-P57YyGGgaRFgc_fNvq34jbA0gWQhZr-HMZpMlVuadwn5Q5wIi4BjAM6kcFxrxVy-66hV5,https://www.fashionnova.com/products/crosshatch-closed-collar-button-up-shirt-black?variant=39302423838844&currency=USD
Fashion Nova Men's Dawson Relaxed Long Sleeve Button Up Shirt,$15.00,men,https://encrypted-tbn1.gstatic.com/shopping?q=tbn:ANd9GcR68qzYkbjIQ6sAoavreTa41-_1qTp-jDXm7nSd7VRrm7PEiobsi52UAyO9O1mSZgaWw8ru3Nh1z15yf4C9I82_RGYLLv54lebK-LL0f0EI5m79sxGgv6sL,https://www.fashionnova.com/products/dawson-long-sleeve-woven-top-mauve?variant=12203972001916&currency=USD
Fashion Nova Men's Frontier Fit Button Up Shirt,$14.99,men,https://encrypted-tbn1.gstatic.com/shopping?q=tbn:ANd9GcS2OvSsvqCnJ8h31s2SXl3rEYW_MOMelBZEfAs3Qst5Ta66i7_jcCcZZwHYeb_dXlFHjYBrD76kUv9JIjnWtAkU251Z1_FLwWl2LiSfNTbojUkdsUxBLN7e6w,https://www.fashionnova.com/products/frontier-fit-button-up-shirt-black?variant=39298232320124&currency=USD
Fashion Nova Men's Graffiti Parlor Button Up Shirt,$20.99,men,https://encrypted-tbn1.gstatic.com/shopping?q=tbn:ANd9GcSXnlLhxpPvJ-Sj9JI_15dhSHEumJT89Kn15MpqKMgMq2ot1nnA5ehr1KUYl0Ffdm5AM1ODc-8qllPly5gK2l4c02Rm5Ij917uL6dEdZptbqXASbcpD8OVS,https://www.fashionnova.com/products/graffiti-parlor-all-over-printed-button-up-shirt-multi-color?variant=39302977585276&currency=USD
Fashion Nova Men's Kenswik Button Up Shirt,$27.99,men,https://encrypted-tbn2.gstatic.com/shopping?q=tbn:ANd9GcTo9DWgp_UEUb5stQ_cdEcQgFCgLUq7Ewdu7GFjzEOIyR-7bDOzdxQmx15a9q4PVBdvS7sD6QwiJxu6XBC39qwruD8tdE0Pcu-bZYU9bouk8x6kuMU9WySDfQ,https://www.fashionnova.com/products/kenswik-long-sleeve-button-up-shirt-tan?variant=39295625429116&currency=USD
Fashion Nova Men's Lexington Button Up Shirt,$12.98,men,https://encrypted-tbn2.gstatic.com/shopping?q=tbn:ANd9GcQDMNGp1Zi7_K1pcoh0e2UhWKpNPjo4kXhl3jEX0lQsFdiAUf_TAPS7La8yC_jt55KBHveuGbm2qgNUvLvh2PXp3XjELU5Y05bNnOcAv3cWsdM6BuHtaHjLxg,https://www.fashionnova.com/products/lexington-washed-button-up-shirt-blue?variant=39298484207740&currency=USD
Fashion Nova Men's London Fog Textured Button Up Shirt,$11.99,men,https://encrypted-tbn2.gstatic.com/shopping?q=tbn:ANd9GcRx1cfnEzhPFXzIQptE-JUiR4DzTu_S9JfMFeNlfFUia24q0aHBm8tjIpnpRIDRDDZ3M05MVmatFKQHqo50zcSKWX31U2-ArGE7pp0RORNhh4W0dGQDntHk,https://www.fashionnova.com/products/london-fog-textured-button-up-shirt-brown?variant=39302032588924&currency=USD
Fashion Nova Men's Mick Riot Button Up Shirt,$7.00,men,https://encrypted-tbn1.gstatic.com/shopping?q=tbn:ANd9GcQaJx50r9Mj7N3gC7wi-1Y4yEjzG3EbMkT6BFUpIO_59HhOY-Hc09BkUf-ej-FqzrniRp7mOtkdRi-0WRfinQjhUmKthN9MW7-lRIRVxrsMPvyWBCnEpXkvQQ,https://www.fashionnova.com/products/mick-riot-button-up-shirt-black?variant=39299647176828&currency=USD
Fashion Nova Men's Oversized Graphic Button Up Shirt,$5.00,men,https://encrypted-tbn3.gstatic.com/shopping?q=tbn:ANd9GcR3R9oUNEu6Pwx8gouDebKjg66dvJnlk9L79aEnJyVryrQiCIOENZ8NWX9tzsE_MxKQWoxjd_nt3VIFoNn2ZGbfrI7QizA-wl94LBmugELZ8e4Ji058wqRj,https://www.fashionnova.com/products/oversized-graphic-printed-long-sleeve-button-up-shirt-pink-combo?variant=39297638727804&currency=USD
Fashion Nova Men's Panel Trim Button Up Shirt,$17.99,men,https://encrypted-tbn2.gstatic.com/shopping?q=tbn:ANd9GcSq-4AvnZ95EfMy-LR95a6TJ_-ToDffGZHLieUvZCZsRFOhMQxiQeFfyoONVYcNkAnZ5BfX8v9O4LnUwoDBDtxqOloOW_klUn09fLD121dQpWxt7IeZ51cH,https://www.fashionnova.com/products/panel-trim-button-up-shirt-blue?variant=39298231730300&currency=USD
Fashion Nova Men's Relaxed Brushed Double Pocket Button Up Shirt,$20.99,men,https://encrypted-tbn1.gstatic.com/shopping?q=tbn:ANd9GcTLskNrVUZtxdJ9q1bUcZN4uWyEJDA09sJJzCaNhjhEhmBKXKvO8VT5ARrJQO6JiGbSS_rWjV0wYEGA3GHa3FV0PsmXyZRtlg-M289rKINkjsC-MD9EkW4Q,https://www.fashionnova.com/products/relaxed-brushed-double-pocket-button-up-shirt-black?variant=39302273663100&currency=USD
Fashion Nova Men's Relaxed Lincoln Park Textured Button Up Shirt,$9.00,men,https://encrypted-tbn1.gstatic.com/shopping?q=tbn:ANd9GcS4QKF-58nSdNhXHUCKraTcjYCubPkWJTfVRUlKVmNHIbP5YoKedMGSEyFHWxzJk-oJXFLHVMuBdEmm1Xngb9rC6oiP7UgNrTlk08KjQakse0sqJfJa-dixng,https://www.fashionnova.com/products/relaxed-lincoln-park-textured-button-up-shirt-dark-olive?variant=39300581884028&currency=USD
Fashion Nova Men's Ryland Relaxed Cotton Cuban Shirt,$12.00,men,https://encrypted-tbn0.gstatic.com/shopping?q=tbn:ANd9GcTo3EXm0hfPvBOwwpBiEKk7d7SgHCwUNw9C8Jgm-cFRwXPM9dqeJmXVfYIjSFLyVRDF7dkTh9SVkfKoARBbio3pD7qxT8aDk3Fk28jr5HOzzP85mKfeP9EE,https://www.fashionnova.com/products/ryland-short-sleeve-woven-top-black?variant=12204030558332&currency=USD
Fashion Nova Men's Ryland Short Sleeve Button Up Shirt,$15.00,men,https://encrypted-tbn0.gstatic.com/shopping?q=tbn:ANd9GcQutAu6Yr-ozOkxZsPXAaUtUfktChvR4j47TOfUa-3nqG2D-hOzsbbv55UzXp2FdzeK5buoLT3TriQF3ZRi3Yz0di2V3uqQNNYt8zNXSLRbog7_8O83iDOH,https://www.fashionnova.com/products/ryland-short-sleeve-woven-top-white?variant=12204031115388&currency=USD
Fashion Nova Men's Shadow Panel Button Up Combo,$9.00,men,https://encrypted-tbn1.gstatic.com/shopping?q=tbn:ANd9GcT2iZRSHZpMSJGn4vEfU03MkCssPhL3hwcoST_I516wtpNCLolFJVKd1kl_84iVTn8-rI3MPGd1LmhqO34LdAQ4ReW4XKmQ4m_wWXFc5kN2lsIfOsEDsz7x-w,https://www.fashionnova.com/products/shadow-panel-button-up-taupe-combo?variant=39298797994108&currency=USD
Fashion Nova Men's The Offset Button Up Shirt,$14.98,men,https://encrypted-tbn3.gstatic.com/shopping?q=tbn:ANd9GcR9HwsODSpbHRUhp0nWfaq1w2ieqjFVmF9UBWErhiP9agBOP83Ku5E-BhfgOTUkt0vpxvkPzpyEy6CPqoHj3yVyoKYEIP9RQidF7lEjNm9PjQvJBoLqWKFeQg,https://www.fashionnova.com/products/the-offset-button-up-shirt-multi-color?variant=39299313434748&currency=USD
Fashion Nova Men's Twofold Sleeve Button Up Shirt,$20.99,men,https://encrypted-tbn2.gstatic.com/shopping?q=tbn:ANd9GcQTSUUomrm-yJTwSIampzM2AgadIAZAyxaZRQ51qURGZXPrCe9ZW5Lwtz38uT_GCEJA34ppDBmiUbdzLZDdK3iOj1j3006Ri6hT5iM5HGdz71IHtB9gh28okuQ,https://www.fashionnova.com/products/twofold-sleeve-button-up-shirt-blue-combo?variant=39298798452860&currency=USD
Fashion Nova Men's Westwood Stitch Button Up Shirt,$5.00,men,https://encrypted-tbn3.gstatic.com/shopping?q=tbn:ANd9GcQ5YlGGA6QxKUwjWCmQRu2hjTxnmorXTnf3r8Dvmlrwp_K-bhbWTP1u9jTakl1MBhrVvYPHwO-hcenI4pSAv-EQrbxlwyuN-vTfyD2WPt4YDCnG6GkxjUBbPw,https://www.fashionnova.com/products/westwood-stitch-button-up-shirt-brown?variant=39299332505724&currency=USD
Fashion Nova Short Sleeve Button Up Shirt,$13.99,unknown,https://encrypted-tbn0.gstatic.com/shopping?q=tbn:ANd9GcThT1LvxxkfkjY_4cGKDylXz30WwGOMyF4G5vilbNKygZQx7xpz60AXfE5ZxtiK6aDu4m3lTwhTnRttNj_j5e91Q1F0O3ZuhdxtFQgxa-mBU2WUMmOgbIvW,https://www.fashionnova.com/products/dawn-shirt-black?variant=39303634190460&currency=USD
Fashion Nova Stripes Poplin Button Up Shirt,$14.99,unknown,https://encrypted-tbn3.gstatic.com/shopping?q=tbn:ANd9GcSr1nsxIfrgEh5f8KxxB-MBtjaSoLcfFMBqbFcYlWfHtDwh6zMd40iGmKQg-evl2WL2WztVczmy1yTIKzt6k9ny7E-ksPg9Xu6CXf3SyBLocOI-qzCzj0pd,https://www.fashionnova.com/products/time-of-my-life-pinstripe-poplin-shirt-black-combo?variant=39297296957564&currency=USD
Fashion Nova Women's Closet Staple Poplin Shirt,$16.00,women,https://encrypted-tbn2.gstatic.com/shopping?q=tbn:ANd9GcSCJwWfeCrmQ0fkVvcm9Uoi7L_jAin3KbHIQ60VDkfOMqS6Sb6OiQOqh8e7IoSZk3tj6Xz5hB0_v9xVV-5yi8rKpHLmaFAwTxTFS48R2uJwxEyDi_R7bnK9hw,https://www.fashionnova.com/products/closet-staple-poplin-shirt-fncolorname-plum?variant=39298267742332&currency=USD
Fashion Nova Women's Keeping It Real Shirt,$23.99,women,https://encrypted-tbn0.gstatic.com/shopping?q=tbn:ANd9GcSC3TKlvDM3Qn-lhzeck7lf1cIrOYHLpraoHB39X2h6oYLLHiLipdlVEh9cpN0gZUVy8MCSJ_ZNcR3rs6JuUyIPpZdWcQVE999DprxKvUSUlmjlDbbWR2BRMQ,https://www.fashionnova.com/products/keeping-it-real-shirt-white?variant=39282937299068&currency=USD
Fashion Nova You Better Work Polka Dot Long Sleeve Button Up Shirt,$19.99,unknown,https://encrypted-tbn3.gstatic.com/shopping?q=tbn:ANd9GcQ0SFqA5ZkEA_6KonU-MwD8j78H0rzryUNmldm3wboOCoCtG8R7NIu3P_6IQ6-vRCOkwblz88S4drkiQw7C_LV77Oh6W6ZlsrKElkT0QMDHJDhKfxOQ02v8YlY,https://www.fashionnova.com/products/you-better-work-polka-dot-shirt-black-white?variant=12206739226748&currency=USD
Gap Men's Relaxed Flannel Shirt,$34.00,men,https://encrypted-tbn3.gstatic.com/shopping?q=tbn:ANd9GcTTxLN_3MMAGEinWi780TbOuauWVbriJHaqgG3PP7T3kPKvTLtWIny4CxZTdfeZZnNVRZPg2F0x4rfJ-aoaUqT68httv5ofC9TPqjkFj2YYn_ePGClAmpAS,https://www.gap.com/browse/product.do?pid=873122012&vid=1&tid=gpns000044
Gap Men's Relaxed Linen Shirt,$39.00,men,https://encrypted-tbn3.gstatic.com/shopping?q=tbn:ANd9GcQO_uQizF-X5sugP-H_VF6Lgu733c81xngjdd31rpJ2Z6vy_Zh5Ag4FMbCdCJLULG_0dqBywlZWVHFzFrCWMLTphYWN6_K9jA_PvNR0PuaKA57urMptwtKk,https://www.gap.com/browse/product.do?pid=886385062&vid=1&tid=gpns000044
Gap Women's Denim Big Shirt,$63.00,women,https://encrypted-tbn3.gstatic.com/shopping?q=tbn:ANd9GcSjORjC2oyYPUntsnH3mh2LJC3_aCC_sJYwxggEFZYevvJZx10sccC4OBzRUtiESRHZhd6IFNO-OwZsLYxCPhBw0nv8liIhWkzXgBZ0VzQLl9mTvSRoEnqdjg,https://www.gap.com/browse/product.do?pid=890396002&vid=1&tid=gpns000044
H&M Ladies Linen-Blend Shirt,$29.99,women,https://encrypted-tbn2.gstatic.com/shopping?q=tbn:ANd9GcR7SWdpS4Maecr4SMiQxKWk-88u44S43PlsddxvtHFm_wb-HjuokxEDfy81PLIOta-Th053SROsWME-WseJjFmM9uJDaPCwjfl5atouR33nAj78vMp4maOBTg,https://www2.hm.com/en_us/productpage.1213682014.html?srsltid=AfmBOopCgKQ86Qbtf_F_A60vkckyENJFk6TQ0ijQrQLQjiEhXPYz9_5x0CE
H&M Men's Loose-Fit Button-Down Shirt,$32.99,men,https://encrypted-tbn1.gstatic.com/shopping?q=tbn:ANd9GcSwgK022m6nphdzInA_QuvPjLj75Ftu7hzrri0lPYWTD-59S8Q70c30yTpH4h0T9E_5q-eHgcKWNVA7RjSaolwY-NJlqiHzCXhPYjmu1K305aBG5UOqK-DxcRc,https://www2.hm.com/en_us/productpage.1285051001.html?srsltid=AfmBOorytYpvYodYUf9-VXjrT0iIkoh8vVNTTaVTEcc399LewNpKMImuJDU
H&M Men's Regular Fit Oxford Shirt,$29.99,men,https://encrypted-tbn1.gstatic.com/shopping?q=tbn:ANd9GcRRkeRFhVNa0IcZrahypMNsdY2lwMxaf6PfaO7-W5joVa4fWDSfWc4jWcwqsIDUNaYrFa3Zo7Qm1z7QqkUMfnbqW6kOeNvngDyUlKRz35Pc8ek2J-wnSV2L,https://www2.hm.com/en_us/productpage.1257417016.html?srsltid=AfmBOorGflibGK5LbO_SWe7vC3I31898CYygyzvuozYShRcYDIJ9VfLQfzI
H&M Men's Regular-Fit Shirt,$39.99,men,https://encrypted-tbn1.gstatic.com/shopping?q=tbn:ANd9GcT2gmNs1tvsk5402bUzCDqlZJ8zXy_s30nWcS-hH2NkSS70BXpidHMpyVX4J7FJDZPqpsI6RUiUz7azP6hkF_-EC3CkBvXmp8WZKVKH4sMxoSictYgc8Rra,https://www2.hm.com/en_us/productpage.1296209001.html?srsltid=AfmBOor8vreBIL60SpuYdc_Di91cALpIpaKcP4C5HhWrKyNBjHx5LcNoqlQ
Habit Men's Skirr River Fishing Shirt,$34.99,men,https://encrypted-tbn2.gstatic.com/shopping?q=tbn:ANd9GcTIxWsHmh62l6JiLfGQ2XD-SA06dcP7WaZSVYsXVCTvs0D_vkuP3Z73OqfsddUf4atM_dv2gNZ8YOuO1iGQYt0MVV86idpRHiqNgFcfj3GT1UPOBCuo7Hzy,https://www.habitoutdoors.com/products/men-s-skirr-river-short-sleeve-river-guide-fishing-shirt?currency=USD&variant=32732869066803&utm_source=google&utm_medium=cpc&utm_campaign=Google%20Shopping&stkn=7da86b0b2077&srsltid=AfmBOoo45sESQd_SkcTp0DCLTjkvZrvBWHjIF2UADPy4vG7nijIS2ijwdzI
Hollister Men's Boxy Poplin Button Front Shirt,$18.99,men,https://encrypted-tbn2.gstatic.com/shopping?q=tbn:ANd9GcQvRTO2w1ThWwAs2fzWJESc8D43wMj2Q8pG2s8r4a6hEN9_18LFFrAMzvmBvwbCcuQcdFe-POqByUU7w8MBJBwQETFdPv3Kzg,https://www.hollisterco.com/shop/us/p/boxy-poplin-button-through-shirt-62004845?seq=04?seq=04&utm_source=googleshopping
Hollister Men's Boxy Short-Sleeve Plaid Shirt,$11.97,men,https://encrypted-tbn2.gstatic.com/shopping?q=tbn:ANd9GcTrzHdyAdvDICVrcysk0WIe2kFBAffLL3bVR7BcaH0wsNpzvNMz-MImXtK1G8lyXxQgtcpdHsFfwPts4TgS6y18bopty7ML,https://www.hollisterco.com/shop/us/p/boxy-short-sleeve-pocket-shirt-61284828?seq=03?seq=03&utm_source=googleshopping
Hollister Women's Easy Button Front Icon Shirt,$21.99,women,https://encrypted-tbn1.gstatic.com/shopping?q=tbn:ANd9GcSfk18Eh-tUYMJNcT4-UFEvh3fvkG3kp-7OlPnZAAqNk0Y2RpIXlsAVAeS5skX-N7aoD0dy-HqGVuh9TjHLri_Ky97C5a8B,https://www.hollisterco.com/shop/us/p/easy-button-front-icon-shirt-62729831?seq=02?seq=02&utm_source=googleshopping
Hollister Women's Short-Sleeve Button Front Shirt,$24.47,women,https://encrypted-tbn2.gstatic.com/shopping?q=tbn:ANd9GcSqj6OUYKv_bsEXRJnlpA6IW1UZ2RteEbTes4uFH3-wJ6ZZTOAFMrRlGEYMXsLT-jJ3pd7cc3iu1owNFxeJBx3QKxrDA0RyHQ,https://www.hollisterco.com/shop/us/p/short-sleeve-button-through-shirt-61756321?seq=03?seq=03&utm_source=googleshopping
Hollister Women's Stretch Poplin Button-Through Shirt,$19.99,women,https://encrypted-tbn0.gstatic.com/shopping?q=tbn:ANd9GcQPGvr7Akn1EYIemQjOAaYGpcFFkwwbFnFqfMMtMGGooFyb4KGvipT1cnIkaJLT-5f74vv9W8yRrEpMpe8GIRMzRomYtZd6,https://www.hollisterco.com/shop/us/p/stretch-poplin-button-through-shirt-61448826?seq=08?seq=08&utm_source=googleshopping
Hollister Women's Stretch Poplin Short-Sleeve Button Front Shirt,$24.47,women,https://encrypted-tbn2.gstatic.com/shopping?q=tbn:ANd9GcSsmCuPlRR7jaa9zzejlw2T_y88PZW-2PRMbIe3Vo33yDa7DvtjrV8Witt50R8roOjLqIC0LhJXKiN_HhYvft_w6SXHeWuLeg,https://www.hollisterco.com/shop/us/p/short-sleeve-stretch-poplin-button-through-shirt-61011336?seq=02?seq=02&utm_source=googleshopping
J,$58.50,men,https://encrypted-tbn2.gstatic.com/shopping?q=tbn:ANd9GcQnupTc5KnWeKzOoSGsWhD3GUOpfXI2XYLlcGUE2UpDDzwg20Vj3r6r1JMpeP56UEcW0OsQd1s_JVYDf8TZnQ8ZjbS9lYzTp6SuWQeWcWEE,https://www.jcrew.com/p/mens/categories/clothing/shirts/broken-in-oxford/broken-in-organic-cotton-oxford-shirt/BE996?color_name=pale-rose-oxford&N=XX-LARGE&noPopUp=true&srsltid=AfmBOoo-rjCzt9AOL3vKynyptYkIEx_uZGItxAmw0xDvyr1qkPhM95gep94#no_universal_links
Johnston & Murphy Men's Paisley Checkered Cotton Button-Up Shirt,$79.99,men,https://encrypted-tbn1.gstatic.com/shopping?q=tbn:ANd9GcRrY6Vbrlvc3Q7ixkkl1DqDDMedgv1Z2uBUNRgcWUryvb35fjD0dPKjhtKUTskbBKS4mgoEWxjB44_mfeOEb2zPLicIpQoyBsgg1ZCNUjf8izf749Ahdk6w,https://www.johnstonmurphy.com/p/mens-button-up-shirts/printed-cotton-shirt/07409737-M-NA.html?country=US&currency=USD
Kelly Oversized Cotton Button Down,$49.00,unknown,https://encrypted-tbn0.gstatic.com/shopping?q=tbn:ANd9GcTxrFoeV8vtBgrfZFiiZOlYK0vIG2z0MRyJqt6yqt05hsc80lCJTtPdtf_BjcSkQXClrdYEcW3n6b-MOk-nGJKHFMhPHiEssw,https://www.naturallife.com/products/kelly-oversized-cotton-button-down-ochre-leafy-floral?srsltid=AfmBOopiKjMyUX4MWnQKKjmUJXpfUb-pgc3GrKBs3TOXULn3Bscb6qJrJ7M
Loiter Daytona Button Up Shirt,$59.00,men,https://encrypted-tbn2.gstatic.com/shopping?q=tbn:ANd9GcQMxc3B04_LkvxA9XGDnCONzbVIfMNhK8tvysafBMRs4frBAQluTCn5nNkWUy7fLEDFrEE9sBeSmD-pqZfzELwDaPgd-Zjd0Z1xtxxSDSM,https://www.culturekings.com/products/loiter-daytona-button-up-shirt-black-mens?srsltid=AfmBOoqxFLjHobC4zKqQ9SeLoKeby-HoRqH1pBN-Ar-B43ID7ie85EoCC30
Lululemon Lightweight Camp Collar Button-Up Shirt,$59.00,men,https://encrypted-tbn0.gstatic.com/shopping?q=tbn:ANd9GcSTSnwrTygoA9xad4vvfBRCUx49K6ZyhVIVwjiMAdRhEzqpVYWs4AUyf941-cFJAJ5Mppxhv2tLOBOUfmWVLLtiw1qb6cvp32M6CKzJKWtMHJZrNqQybsx5,https://shop.lululemon.com/p/mens-button-down-shirts/Lightweight-Camp-Collar-Button-Up-MD/_/prod11870316?color=70765&locale=en_US&sl=US&sz=S&srsltid=AfmBOoqkXdXuRkk00rMCwiSTdbjxwGq9jXNoSLRkQT5Tbg1z-DxVCDiNrgo
M81 Blaze Button-Up Shirt,$44.99,unknown,https://encrypted-tbn1.gstatic.com/shopping?q=tbn:ANd9GcSVchpDWMy_V7sW5a0SiYdXWkyFjMJMl5QFz_D31wd4yBwkOqldMMHMmrx1XQ75vTlRI7S3jM1jcJis1_bQhSAgeucWzvpKSbNsIcXi4fPP1tmkRi6f4icmtug,https://sav-tac.com/products/m81-blaze-button-up?variant=52150984245616&country=US&currency=USD&utm_medium=product_sync&utm_source=google&utm_content=sag_organic&utm_campaign=sag_organic&srsltid=AfmBOooETzoudQAxU8vd7vRmMhkOnxm6YjruiyVhwOrlIl_qM_XytANjKuU
Madewell Men's Cotton Blend Button-Up Shirt,$69.99,men,https://encrypted-tbn1.gstatic.com/shopping?q=tbn:ANd9GcQa40bxxB3rL8dCPf-pRZ4ReH9LkWogNo1Pt3XtxP69XTPW_lfUKbFayAN-_aS_xstM_otACtvGe6vn6_PC06ycCx1b7dwzcdlKqPf0VMZ-PGnZPyr0obQzew,https://www.madewell.com/p/mens/clothing/shirts/long-sleeve/button-up-shirt-in-cotton-blend/NY116/?ccode=WZ7773&size=M&source=googlePLA&srsltid=AfmBOorELLiJUepzR8RDrBKQv98D7K3DMTtr9JAnrbweptAiucC7Ns4YUfI
Men Bonobos Tech Performance Cotton Blend Piqué Button-Up Shirt,$99.00,men,https://encrypted-tbn0.gstatic.com/shopping?q=tbn:ANd9GcRSjtG7gyl6YKohuTcny2gK5QvPVYCTBFLEU8NTmqh2vjUm5ihNbcl26U6tlhrWNJQsaBY7gsdsULYrrEAyw65IDB0_2JazmkEx7lQOeFwK3dOVMl156BuJFQ,https://bonobos.com/products/tech-pique-button-down?color=light%20blue%20texture&shirt-size=s&shirt-fit=slim&shirt-length=reg
Men's Abercrombie & Fitch Camp Collar Button-Up Shirt in White Stripe,$60.00,men,https://encrypted-tbn2.gstatic.com/shopping?q=tbn:ANd9GcR-oVFRgDGvLFQKi0zkggj5lZHKwn4uCnLBCQ_Afy2F5vZ1ORHfvVkYIomilWLuJUSI_BOHP65PNMbj4U5E1DuBAXbxJUVg,https://www.abercrombie.com/shop/us/p/camp-collar-cropped-button-up-shirt-59846325?seq=03&source=googleshopping
Men's Abercrombie & Fitch Denim Button-Up Shirt Wash,$59.99,men,https://encrypted-tbn0.gstatic.com/shopping?q=tbn:ANd9GcQN14wPMqHZUpCJcYFLTSATo2visct-4LTFhvML7WAQhYKXANxBFDjIfP11f-RBB4cEzlQTa74cXCFq7mweuhODeAPcNbiBEQ,https://www.abercrombie.com/shop/us/p/budweiser-denim-button-up-shirt-61761363?seq=05&source=googleshopping
Men's Oxford Button-Down Shirt by Gap,$29.00,men,https://encrypted-tbn3.gstatic.com/shopping?q=tbn:ANd9GcTlum77DIXiXFvVPKlgaw_VWUausn9RjSQmdhgVKXRDtjfaMR-3qWNW0wu87Q_HEXxamAuN9Kg4XaumdV0zqcpFRc5WzHMwCNHrnvMK97i6QkT_sWDBgz-unA,https://www.gap.com/browse/product.do?pid=619568012&vid=1&tid=gpns000044
Men's Short-Sleeve Button-Up Shirt,$34.96,men,https://encrypted-tbn2.gstatic.com/shopping?q=tbn:ANd9GcQ76onw_I0gb9XblNpMFdjnxtseEawDn5zkCUf5Dk1M7y1U5aE6BrU3Bsf_Mr_BizasSIKVimu-XBp7DYU5i9sMwIHsoQvh,https://www.ae.com/us/en/p/men/tops/shirts-flannels/ae-short-sleeve-button-up-shirt/2154_3092_200?menu=cat4840004
Nautica Men's Button-Front Shirt,$35.98,men,https://encrypted-tbn0.gstatic.com/shopping?q=tbn:ANd9GcQwHOkit7Nb9lUtBHcTMT3vvdU5QVT0uZGZneBhDRvlD2xp66FjVdfccL5XsGSOpEnhAF4iYJ3y8w1n5Qmx1iQNGnai5ULNR0zvctAnM4pR1Iac9tWHh2wSmA,https://www.nautica.com/button-front-shirt/7556889.html?utm_source=google&utm_medium=organic&utm_campaign=tinuiti_organicshopping&srsltid=AfmBOorQb_8nz5NeQqAqJGE_P2b1FtAWmspFDbgHpDrHZ-Dk_Aus-Pz56-s
Old Navy Men's Classic Fit Everyday Shirt - Blue - Size L,$18.00,men,https://encrypted-tbn2.gstatic.com/shopping?q=tbn:ANd9GcQO1X-SI-6VVMGT4wy2IOGIR604nvUAzbIvSwbkPPRHTQ5gZOUxtX-t69cFtgUfeAiMEKUNIsxU7VdV_UuKFGJ688ZwffxwqsrCvHJzRTHeaKH38DtoatQU,https://oldnavy.gap.com/browse/product.do?pid=844979022&vid=1&tid=onns000009
Old Navy Men's Slim Fit Printed Everyday Shirt,$27.99,men,https://encrypted-tbn2.gstatic.com/shopping?q=tbn:ANd9GcTA5qOH7PBBZcvlEVrdTnCf9HrBweRQbpxnkd76Ng4cPC4hi07PMSf0J29OrN4c9z4t23CJOXMZj4c5Lg6gOFMF-4Vo8sOyVSFaWb8yE3qY,https://oldnavy.gap.com/browse/product.do?pid=689723022&vid=1&tid=onns000009
Old Navy Men's Slim Fit Pro Signature Dress Shirt,$49.99,men,https://encrypted-tbn0.gstatic.com/shopping?q=tbn:ANd9GcSfMmLzMNqdkrcc1fkyrn1YU2qyXIpXm9o1DJcP2raFLXbAGc93M4m-WRXx3v40szApMYlLTLxdbwYK6aDZGthajR3SkRtbof2Z1TFzp5hRAUPVHt0oc5atJg,https://oldnavy.gap.com/browse/product.do?pid=418103022&vid=1&tid=onns000009
Old Navy Women's Classic Button-Down Shirt,$8.49,women,https://encrypted-tbn3.gstatic.com/shopping?q=tbn:ANd9GcRRIXkf7I5M5RoCFl7Ld-T5vrLkgofy9BtjssukiSy7W32Kw4Tm_DpMxkJiiX0GBzW1Qv03VItKXr18it8oAZGzsqP03VJQMeqYanzyp-l87XJGTX5iitVwKg,https://oldnavy.gap.com/browse/product.do?pid=513771082&vid=1&tid=onns000009
Old Navy Women's Lightweight Smocked Button-Down Top,$17.99,women,https://encrypted-tbn3.gstatic.com/shopping?q=tbn:ANd9GcRdiMyY09_BojPbYue_GWa-PFxJHvfrcFmgS5VZenTO38UuZLxZ1R7Oe1ADfaj_zuS2bCs7tKFApA0464DAxDhZYjY5M_RcvEDSKDJrYZGRmcoJnrtMvZRy,https://oldnavy.gap.com/browse/product.do?pid=868148012&vid=1&tid=onns000009
Old Navy Women's Linen-Blend Loose Button-Down Shirt,$44.99,women,https://encrypted-tbn0.gstatic.com/shopping?q=tbn:ANd9GcQdlnQqazsNkFuDTkTYNwO7Ck-ujFM4uoRn5jg_OQi8YrqITJB8WbBdlHZ-4QmKsvjfhSS4xMHMtVlCio6xoGMZHGm16V5QaiBJxYc_ZJcIUeypcMepYQDTQA,https://oldnavy.gap.com/browse/product.do?pid=844131032&vid=1&tid=onns000009
Old Navy Women's Long-Sleeve Button-Down Top,$19.99,women,https://encrypted-tbn2.gstatic.com/shopping?q=tbn:ANd9GcRh5X4wiGW8GCkrna268SU3bWqgzpBD4zkQJ043yoJ7vRE-_gFpHga2hX3n000ZFRUtIqgS2NImqH17NPOo_x6PJsViGja85wShrAauttnC,https://oldnavy.gap.com/browse/product.do?pid=890065002&vid=1&tid=onns000009
Old Navy Women's Open-Back Crinkle Gauze Button-Down Shirt,$17.49,women,https://encrypted-tbn3.gstatic.com/shopping?q=tbn:ANd9GcQn-UnZFVSYYgjERKmtjnBR2u3hggqk_0xeAL2348BwqA-BVUDTtK083koHxyYP7ZwpjIFa-8cqHjeZGjSb9ondVRIIWhbslO-TjVigCTT7mjIYSECaRqs5,https://oldnavy.gap.com/browse/product.do?pid=886114002&vid=1&tid=onns000009
Old Navy Women's Slim Button-Down Shirt,$17.49,women,https://encrypted-tbn0.gstatic.com/shopping?q=tbn:ANd9GcQrNOqYBfNdxemP-JDkp9ugKvIvQag1MzOzSB7at-mu_E01Kse-nEMgM2O_SddWA_o_HjpqhwqsjNcAtdLZaH08QaDrerfYLvedbKep_UFgNmKjqPFllW72Tg,https://oldnavy.gap.com/browse/product.do?pid=545902012&vid=1&tid=onns000009
Patagonia Men's Back Step Shirt,$85.00,men,https://encrypted-tbn3.gstatic.com/shopping?q=tbn:ANd9GcTQwaC-9OJSGY90BRI_jKULByI04hhZS6ZdgDUfMdpy2sJF9ArhMYL_AojFWUCjHEGBB9UAVrE0XmMZDX5y6O9ddmPiYy73,https://www.patagonia.com/product/mens-back-step-shirt/198077647553.html
Patagonia Men's Fjord Flannel Shirt,$58.99,men,https://encrypted-tbn2.gstatic.com/shopping?q=tbn:ANd9GcRtWdRZKvwoRHcEtUKPapzKS2pYQl4r7pxhYSigOMLt9GKIpACQ1bLRUjYwfj4ERafoSCvezpnBTZLGh43BnzBvIX6TyH4U,https://www.patagonia.com/product/mens-fjord-cotton-flannel-shirt/196924480421.html
Patagonia Men's Fjord Loft Shirt,$73.99,men,https://encrypted-tbn1.gstatic.com/shopping?q=tbn:ANd9GcR7_rIuZLb-YZR_rKbp5V0437LeMVjIsWEykGUH3kUnR9825VOElG0i8rQYWbHyYaDrk5IzuvwGKa6I-D6BPX0Oo1fcVj7-9g,https://www.patagonia.com/product/mens-fjord-loft-thick-flannel-shirt/196924473195.html
Patagonia Men's Go-To Shirt,$85.00,men,https://encrypted-tbn3.gstatic.com/shopping?q=tbn:ANd9GcQMiCbuUX_q3zoOvyhdqdBTylAhI55BtRaZfxHbl8P_eOmZwn7V5jRjWmoQdfNBpEnXrGtTrUoWsUmecAIBpsbN4xrYz-a7SY_3fvHlcdXy0lpYCaHSFjMZIw,https://www.rei.com/product/112713/patagonia-go-to-shirt-mens?sku=1127130313&CAWELAID=120217890020892646
Redhead Men's Ozark Mountain Flannel Shirt,$7.98,men,https://encrypted-tbn1.gstatic.com/shopping?q=tbn:ANd9GcREXhBo8k5c6B9xn_fGw4c0MgX1MIjgugTSOS8wI0uRjX8w_wBmZbKQntV99RhkwqWt5Rk4FkgVnbdkxtH7TQEeZXxMdXbB4iv9NShiaA90OK-bVbb-9gav,https://www.cabelas.com/shop/en/redhead-ozark-mountain-flannel-button-down-long-sleeve-shirt-101878617
Redhead Men's Wrinkle-Free Plaid Short-Sleeve Button-Down Shirt,$18.98,men,https://encrypted-tbn0.gstatic.com/shopping?q=tbn:ANd9GcQ4Xx55-NNj_wsf5wVES-PDscHw2VXhTszc5abzeXpF-Bef3RJr2fGsWBZ78-V8q19Ardg8w3FhbYLP03iLUA2Xsv8XSKlaAwkmTHoNjmD3RDD5y9tEY3yn,https://www.cabelas.com/shop/en/redhead-wrinkle-free-plaid-short-sleeve-button-down-shirt-for-men
RedHead Ozark Mountain Flannel Long-Sleeve Button-Up Shirt for Men - Forest Plaid,$19.99,men,https://encrypted-tbn1.gstatic.com/shopping?q=tbn:ANd9GcSQDLGCZFzunMSmJhySGYvzSIa97bVeXd_L_WD8uhamKQdZ1naj0dtcBlTOL2lGadpG1NN9QV3Ecmh-Ym1rCX4FYh-171mghUqxZrXPW_8DucOdznKf7kEXpg,https://www.basspro.com/shop/en/redhead-ozark-mountain-flannel-long-sleeve-button-down-shirt-for-men
RedHead Ozark Mountain Flannel Long-Sleeve Button-Up Shirt for Men - Granite Plaid,$19.99,men,https://encrypted-tbn2.gstatic.com/shopping?q=tbn:ANd9GcRpmx3I52I1MnLfr7xss6ZLcOa3vY0NgmGMxcIRxNygoIEU1G5V0JLHP7wQ-1eEN6DJWeuYZMbBFNblpXzqwzXQPQsHsBxze6GghcbqC70qGyBZpzW8s0vZng,https://www.basspro.com/shop/en/redhead-ozark-mountain-flannel-long-sleeve-button-down-shirt-for-men
RedHead Ripstop Short-Sleeve Button-Up Shirt,$23.98,men,https://encrypted-tbn1.gstatic.com/shopping?q=tbn:ANd9GcQM2cOD31YX7t2zHMmuiW8xlmESTyPA9adXjhCLRRc89mHJ2slWe0etqoGEwxGWoPW6JEHhlVwFLpNEIQdv7Wi2ufYUKm4_XbDwUjx0bF9ICKAjAc8xpSuD,https://www.cabelas.com/shop/en/redhead-ripstop-short-sleeve-button-down-shirt-for-men
RedHead Ripstop Short-Sleeve Button-Up Shirt - Chambray,$23.98,men,https://encrypted-tbn0.gstatic.com/shopping?q=tbn:ANd9GcRafauo378T3Ab7Sit0x-YRGLmKq85rZvdWutTN_9Hw_GacxfJf-xG7jAxC77CuNFiyIkFcPcWtZlOOzv8kfsfO3-g7Ntz0DmgKPrn4pTsA3LY8keDKvMHTbA,https://www.basspro.com/shop/en/redhead-ripstop-short-sleeve-button-down-shirt-for-men
RedHead Ripstop Short-Sleeve Button-Up Shirt - Granite Gray,$23.98,men,https://encrypted-tbn0.gstatic.com/shopping?q=tbn:ANd9GcSMBjCQuRoJz69gkO3snDEm6PGuw7olg36IfCwnzYyToyx_cO_-W41ZxGvnZL7hlm_PP7RzXlaDVwkX2nL_WCI1BJ57GkQusu9XN_zSaHtJS4vczpfWmfctsg,https://www.basspro.com/shop/en/redhead-ripstop-short-sleeve-button-down-shirt-for-men
RedHead Ripstop Short-Sleeve Button-Up Shirt - Khaki,$23.98,men,https://encrypted-tbn1.gstatic.com/shopping?q=tbn:ANd9GcQXFC6vfHYrdymwWknNVDPWq7sjDU80d7xqsHCQQVGSUkPiYXALNIDk6IDhKOQw1n3x6cDWVoXkrQ5gT-kVbPhVdyfmFoukNZHbxFrXMFtCSZpzz5zvee9k,https://www.basspro.com/shop/en/redhead-ripstop-short-sleeve-button-down-shirt-for-men
RedHead Ripstop Short-Sleeve Button-Up Shirt - Sage,$23.98,men,https://encrypted-tbn0.gstatic.com/shopping?q=tbn:ANd9GcSRbov_nQhchJZrpqsSxH4hOQIOLrH3JOeXZyow_Gf--waR-JtLBP12i34d9i5qeLi-K3tMAj63m_bOEjFKcVMD02Ef-1F-LXyFgjBhcfzJpGJ9waKyNL02dA,https://www.basspro.com/shop/en/redhead-ripstop-short-sleeve-button-down-shirt-for-men
Redhead Wrinkle-Free Easy-Care Button-Down Long-Sleeve Shirt,$18.98,men,https://encrypted-tbn0.gstatic.com/shopping?q=tbn:ANd9GcRrhARarChKBWWUOwQweBdqFgUy4WH1Tjyq6OZvY4uKDveRmCTRNFoEBJmJLENG8mSmsvklZmY7CwevzfMwq-kzWXhYhJdyTtwpwGNB3l7Dlg9SKD8yF-nA,https://www.cabelas.com/shop/en/redhead-wrinkle-free-easy-care-long-sleeve-shirt-for-men
Saint Morta Sanctuary Layered Button Up Shirt,$65.00,men,https://encrypted-tbn0.gstatic.com/shopping?q=tbn:ANd9GcSEyalkh3a4COaqRAEz3CDMiexVX_YX6ln59X7Ic_ti9rZcT16LkspVlgvrvjNNF1fm_-ZqLkHUUEZ9H8yc-MFqPpiGvyZFmKImo8eDxY0,https://www.culturekings.com/products/saint-morta-sanctuary-layered-button-up-shirt-brown-mens?srsltid=AfmBOop-K6nR8tL9ywZTkFynq5e5CFDEBtDghgaoiYs3-lxESc1REwCZreY
Savage Tactical Tropic Like Its Hot Button-Up Shirt,$44.99,unknown,https://encrypted-tbn0.gstatic.com/shopping?q=tbn:ANd9GcQZAxCsC1EInYuTE56pfjAfwf63LVl87m8wA8EMTp8-nSxTL3KunpfdYEZv2reJ9BmmI1x8sbNzfBKhyuD3xtL17wXClWlG4sQNPVMfyniZLrL_TB0VHC9-mWTh,https://sav-tac.com/products/tropic-like-its-hot-button-up?variant=40594086330517&country=US&currency=USD&utm_medium=product_sync&utm_source=google&utm_content=sag_organic&utm_campaign=sag_organic&srsltid=AfmBOooduaf1sA57CmNcFqUb_f6yXgZolhV4U1537JTe5xu5_5CEaefBnZ0
Savage Tacticians MK2 Floral Button-up,$44.99,unknown,https://encrypted-tbn2.gstatic.com/shopping?q=tbn:ANd9GcTr7qBGIGZ_AdvJP3bs8Z2XguwVHFKwbmeov04kLQq3mTJMA2tt6WGl9_A53UjN_bRKTXblJQCqkF-TQONtjVfGUyLj1-eaFNJA4V2rktlr3bLpuqUxaZ6DFRk,https://sav-tac.com/products/mk2-floral-button-up?variant=44402092179605&country=US&currency=USD&utm_medium=product_sync&utm_source=google&utm_content=sag_organic&utm_campaign=sag_organic&srsltid=AfmBOorLZzlx8atOcNMT0OYvAlIxGghUCeqFljrLgZU9-0-McLxM_RJFquw
Sport Button Up Stretchy Lightweight Performance Shirt,$69.99,unknown,https://encrypted-tbn1.gstatic.com/shopping?q=tbn:ANd9GcSmA0Osyz8MV8zGIikV_gZwcHL0HxdZ0jgLF0zCTL3dHvR8kJcNM-15gxWux-g6UnQzt9ead8k0ajtnE-rVbHB-sHmUV_s2-KON62B8ptZb_O_mJs8XMA4u,https://www.lttstore.com/products/sport-button-up-shirt?variant=40980441464935&country=US&currency=USD&utm_medium=product_sync&utm_source=google&utm_content=sag_organic&utm_campaign=sag_organic&srsltid=AfmBOoqZgud4EMqa5N8SuxkMWKMdFG4Kawcn2LXMTDkmTQ0Tc8G7qOZImmc
Synergy Men's Big & Tall Performance Dress Shirt,$69.50,men,https://encrypted-tbn3.gstatic.com/shopping?q=tbn:ANd9GcS_6HFi6K_uGqCrF3G6ebwMzNI942P1DidshvIF5YS4XGpy39-clBGoitq0tKBkuEDy0d-U659rFpvUgLMb0FNbpxdq7YMe7Rv1I3JEtUbNgdvRaPkrgxcT,https://www.dxl.com/p/synrgy-performance-solid-dress-shirt-p3622?swatch=PURPLE&srsltid=AfmBOoozM_jHFVjsb_NAcweRi1nm1gpbJoJ5BxndN-tsPgYIicfXcVP_sJQ
The Normal Brand Freshwater Button Up Shirt,$68.60,unknown,https://encrypted-tbn1.gstatic.com/shopping?q=tbn:ANd9GcQOxx7LBb_2ILrYL2skXIrbymv1oNz-52h2GuOx05v8hZRxqyhyw6NSIRvwdkDh1bhUdm4SLzABw-JLyvwwkoxXm5PwCxPv3ZjgBZhzOO1BPZUbNYuuJHoj1Sc,https://highpinesoutfitters.com/products/freshwater-button-up?variant=46292431175916&ab_version=B&srsltid=AfmBOoqCQ0YfOMNEP6UjQ5eREtV8dp0gUtrwbDtvJJaXh4PQj7YdL4ALjiw
TravisMathew Men's The Heater Button Up Shirt,$99.95,men,https://encrypted-tbn1.gstatic.com/shopping?q=tbn:ANd9GcQ9kYVRE6tj1C9wMOcFZAUQJCV8-KLIOPwuQzJG3COkD9f6qAQfM5aUFah9gu4__MVzBs6GE4cc-p6Vwvrtyy4QlVzpR_mLj6Mh3zogQH794ncKgsnLQxBMHA,https://www.travismathew.com/products/the-heater-button-up?variant=42659265380430&srsltid=AfmBOoq2bPP3mcANhOiVRcbat71V8PA6ohuoQETXqgI0sc_ai8PlCjIH3Uo
UNIQLO Broadcloth Button Down Shirt,$49.90,unknown,https://encrypted-tbn3.gstatic.com/shopping?q=tbn:ANd9GcRkuz4lvNXe1h2UvW4jog94FZgKEP8RZYMTY7s9n9Ayu8RZ-ltrUHnhjZGMGXePg9MvlKYDqVoCfZji8sQNhAdqY5OJNuNDpkoBGJR5ddM,https://www.uniqlo.com/us/en/products/E485652-000/00?colorDisplayCode=61&sizeDisplayCode=006&srsltid=AfmBOopWNfySuGZltBL5VIs79h2KuT06-r-9twepDxdJpq87C2r1oEqRh08
UNIQLO Broadcloth Shirt Button Down,$49.90,unknown,https://encrypted-tbn0.gstatic.com/shopping?q=tbn:ANd9GcSHUH4W1m3Tqu7gtxIcGAENa-sbXiHe6FsJINJ5SB81bO87dlpllFQc-8mAuDoyIP7PcCfTdIv9izKl9_okDakT6FXOaTHfdm4iedmaxUw,https://www.uniqlo.com/us/en/products/E482465-000/00?colorDisplayCode=60&sizeDisplayCode=004&srsltid=AfmBOoqLaTeEMIytpumnVePK3IgPX8n3qEzFnk8S7ViflShZSFeV3Yf1Vug
UNIQLO Men's Super Non-Iron Slim Shirt,$49.90,men,https://encrypted-tbn3.gstatic.com/shopping?q=tbn:ANd9GcR2iMm17IaC0UQxKutz2Ib7Qex7j6u8jsmMEvCS2Mz8RfeJlTjoyHC4P1g28eaiN3MjROkxlPsLZB9X0wx8-Jcm0mOPBxaik6NSsqSWZ83JlwDg72mjc2HzF5cm,https://www.uniqlo.com/us/en/products/E462336-000/00?colorDisplayCode=62&sizeDisplayCode=004&srsltid=AfmBOoo3OQJ7XOzBGkItuUd01sYMUe8T38wIAG_VLCgo3u2vHpmhhSlhMzM
UNIQLO Men's Super Non-Iron Slim Shirt with Spread Collar,$49.90,men,https://encrypted-tbn2.gstatic.com/shopping?q=tbn:ANd9GcSdxltmjOoArONS2NvRRDK3vlc-iDovwgFbcMYo2L-YUH4rCT7RLGXu6XeKvorQeQ6_UbKA-gyY0M9dD-zvjjNXUR_l2xvHH8E6LfwQA9BtDTrJ7UMxD10kXA,https://www.uniqlo.com/us/en/products/E456592-000/00?colorDisplayCode=60&sizeDisplayCode=003&srsltid=AfmBOooA-vELH_c7ce7eFMKe5txPsl0KcYD8lngpkNokLt9ag13AofYIO_s
Vans Men's Larkspur Mini Plaid Shirt,$60.00,men,https://encrypted-tbn0.gstatic.com/shopping?q=tbn:ANd9GcSItwBC88Pkr8LC4EMjO8YgjMBU15FSyomyqq4mR2h6nFbBVuANvijA_2sTAPh4-Iorzy8PGxJ4g43yuN06lGZoCHSLeP9l,https://www.vans.com/en-us/p/clothing-00082/larkspur-mini-plaid-shirt-VN000TA6FOB?&utm_source=google&utm_medium=organic&utm_campaign=organic-shopping
Wildfang Empower Button Up,$44.00,unknown,https://encrypted-tbn0.gstatic.com/shopping?q=tbn:ANd9GcSIrbA9fTKYYwP6FLVNcBhtqv76q_zW1dZ4OBThF-JOK45PgklTQ-IdeUgMhkFifMjulQNH8rrfTX8YDxtxCTZowmIxprrKeA,https://www.wildfang.com/products/the-empower-button-up-16?currency=USD&variant=51715385884853&utm_source=google&utm_medium=cpc&utm_campaign=Google%20Shopping&stkn=a6fa03a7f814&srsltid=AfmBOooKm3FZ-UnbacY8eAQZpUGL0nuxpsIWosHZFQ9c4k5x3wgcpE4h17U
Wildfang Essential Button Up,$60.20,unknown,https://encrypted-tbn0.gstatic.com/shopping?q=tbn:ANd9GcSwtzfOEWaSABGDXPisqEK6fhZwu46j0uSPVc2TDrawonOcWUMJhUBeX3bQQJjdGvhq9DPPBAZRct8dw2SqKtRr-PL49_ZxQQ,https://www.wildfang.com/products/the-essential-button-up-35?currency=USD&variant=44734073176245&utm_source=google&utm_medium=cpc&utm_campaign=Google%20Shopping&stkn=a6fa03a7f814&srsltid=AfmBOoqIi-9GM-UJqT3Fh_oqbk7EJ-LdHGcpkSq_p3c1xa-x6JEqsdXB0dY
Wildfang Essential Oxford Button Up,$88.00,unknown,https://encrypted-tbn1.gstatic.com/shopping?q=tbn:ANd9GcTBSKtkax0XXwgv7zktQB4U6u3OrgexlyGCEdVk4OaOVcKxl8fwaEqteDkxET5ue8cRmqL6W-CKYzojlq3IoDty3Bo88GFpmw,https://www.wildfang.com/products/the-essential-oxford-button-up?currency=USD&variant=42574535852213&utm_source=google&utm_medium=cpc&utm_campaign=Google%20Shopping&stkn=a6fa03a7f814&srsltid=AfmBOor1SGWixZLK-FmYt6b7OEd1m4ABHUEViA2qheGUZg1ATgfXmqN9ung
WILDFANG Women's Essential Button Up Shirt,$94.00,women,https://encrypted-tbn2.gstatic.com/shopping?q=tbn:ANd9GcSvEZkEJHfsbnFIf-h6_sduEdJNb5XUddGz64NriLZ0A0EYwIfMGxUt6TKcEzcaoE7VMVvYGvjdwmekw632vwMrW2E0ySZJik0AqZXEUEEBlP_RPSAR-Ix9lA,https://www.wildfang.com/products/the-essential-button-up-47?currency=USD&variant=51715128524981&utm_source=google&utm_medium=cpc&utm_campaign=Google%20Shopping&stkn=a6fa03a7f814&srsltid=AfmBOopmqwSwnY3hvrLgy9Vs7W9fecOz5u34C1uWZomS8zRJD4jbXjr4GIc
WILDFANG Women's Essential Long Sleeve Button Up,$26.50,women,https://encrypted-tbn1.gstatic.com/shopping?q=tbn:ANd9GcRO66EWNSDMrPyxs4pMFPztfvOAgWhxYrpdXNf-0dw2GMajIyXgXKEWVVPN-VkYXjvNwGN9675285HJawbN58XMvLC9jijyHa2gwC7LAxXF_wt9RyFIvkX7,https://www.wildfang.com/products/the-essential-long-sleeve-button-up-2?currency=USD&variant=51715149398197&utm_source=google&utm_medium=cpc&utm_campaign=Google%20Shopping&stkn=a6fa03a7f814&srsltid=AfmBOoq8JUGzuuMQzaTm30ndXlXAGik44abvh67GlwehPSvhQJXpDd1N-_E
Women's Beck Shirt in Magenta | Fashion Nova,$15.99,women,https://encrypted-tbn0.gstatic.com/shopping?q=tbn:ANd9GcTMVGZUR50rxXkhz03G6rClMrRlDzg_CWhQr1QtP0qnHsOTv-yy9adyf4NkmJ5RFbS18LOhKHTTklJMAn0RVpIeieciFX4kEruMUcIBt5Wbs6LYfCKEpUmVLA,https://www.fashionnova.com/products/beck-shirt-blue?variant=39266913419388&currency=USD
Women's Textured Short Sleeve Collared Button Down Dress Shirt,$10.98,women,https://encrypted-tbn1.gstatic.com/shopping?q=tbn:ANd9GcRTbkxaaDLSAYMX-x0m2zh-duxITfcXmDR3Kk-DBx-8ctZNGqEjnZgJBLYw4cbvrypgIoSnx1dnABx9-ydx3CtR28x4RiP-,https://www.walmart.com/ip/Tumotour-Button-Down-Shirts-For-Womens-Dress-Short-Sleeve-Collared-Blouses-Lapel-Neck-Work-Office-Business-Shirt-Tunic-Textured-Top-With-Pockets/15586159874?wmlspartner=wlpa&selectedSellerId=101690857&selectedOfferId=5F5A803DDF563C1D93A48F0B98DCBBAD&conditionGroupCode=1
Wrangler Men's ATG Mixed Material Shirt,$44.99,men,https://encrypted-tbn1.gstatic.com/shopping?q=tbn:ANd9GcSfmGoV45PVuV7mWD1uM4FT4MIU-qLsNLjHcLwxPk058SuTUj0XIag9Wx9vtgTyJbsCubfBRkXX4H52sY1WJLteCHWbgOdrgmUPjADgN5z6E41FLNj7UrT1Kg,https://www.tractorsupply.com/tsc/product/wrangler-atg-mens-mix-material-shirt-2264734?pdplite=true&srsltid=AfmBOoqK_lzTVV3_aO0O35ZRbfzzNNYYJHdRbfFIxaK4ATXWXSJTjQFBvfo
XXIII Textured Button Up Shirt,$48.00,men,https://encrypted-tbn1.gstatic.com/shopping?q=tbn:ANd9GcRL9rER2eqH6tW03hwNsoMUAh_I5novKqXDekAMhsUKmG-hZjZ67G9kLHYyl-1VDFXtx64L7BxyPTu3rvvgVgInT_mWFD-82zm-4IWmP88,https://www.culturekings.com/products/xxiii-textured-button-up-shirt-stone-mens?srsltid=AfmBOoo98MPQxMdSQEDqbzODMH--LypWJUac3HYg9YfHeztYaLSOXT_hRHc
Z Supply Women's Elevated Poplin Button Up Top,$88.00,women,https://encrypted-tbn1.gstatic.com/shopping?q=tbn:ANd9GcRM9Rz9jeuOBxuiPgCxpWi0YBwLRCL6DVxm8RobKxPaWrqAbrYjWyyIxaT1_UZv7S5JxXOJgrQqVWfV3kkZKs470Dm7C_OpJcqdSU4o3gu9RAuB5pIA6mIp,https://www.zsupplyclothing.com/products/elevated-poplin-button-up?variant=46046196301924
