item_name,item_price,gender,img_url,original_listing_url
"""ACADEMY"" Cargo Pants M (w30)",$159.00,unknown,https://encrypted-tbn1.gstatic.com/shopping?q=tbn:ANd9GcT2TIP56ranT0uGPTQKO48c35j5MK_B-S-4jru_i4MDlzKgIH5jL973bjt7XN3065Ej9_OpL-Zda3DxrJAwFMnMtQcGT2RpY_2GUO_Mox4DOjhptFHVnn5roA&usqp=CAc,https://soraclothing.ca/products/academy-cargo-pants?variant=43043353493574&country=US&currency=USD&utm_medium=product_sync&utm_source=google&utm_content=sag_organic&utm_campaign=sag_organic
32 Degrees Men's Stretch Comfort Jean - Slim Straight 4-Way Stretch Sweatpant Jean - DESERT KHAKI,$12.99,men,https://encrypted-tbn2.gstatic.com/shopping?q=tbn:ANd9GcTmDqZPcwD6xNccOjkV5hYGClefe8LpyH9v5mhd0-C6D9i5Y6LFXFEr4_s9woZ5VrGuWDhPShfGKdrfRx4Mbr4NXjyRgcdsgrCP8-1YwIw8bLkJYMs-fKgUhiG9p169eomXh_s5uA-cagc&usqp=CAc,https://www.32degrees.com/products/mens-stretch-comfort-jean-solid?variant=42980838506585&country=US&currency=USD&utm_medium=product_sync&utm_source=google
32 Degrees Women's Pants & Jumpsuits 32 Degrees Everyday,$14.99,women,https://encrypted-tbn1.gstatic.com/shopping?q=tbn:ANd9GcQ1x1R6l0yqROpOIuzHxDitXrk7YRJFZfUh1vpOTPHmlyiA2FWNl2tX8d7sTlZx8pzANj4yDin9eG5IObSrlIJX01WezSvFUr7i9En0DhKMP7DCsPmAsq4q,https://www.32degrees.com/products/mens-stretch-comfort-jean-solid?variant=42980838506585&country=US&currency=USD&utm_medium=product_sync&utm_source=google
41 Hawthorn Pleated Crepe Wide Leg Pants,$78.00,unknown,https://encrypted-tbn1.gstatic.com/shopping?q=tbn:ANd9GcTULasRqC4hmpvjM_L_vMqPIFxND94WfF1dzlEGOEAwTcs7tPs5r0y758fYWoZHllNHW874Bmu7mjDQoSVhnzS1ECKa3Z8b5O2OprKBWUHkBb33R8vETPKfAA,https://www.google.com/search?udm=28&q=41+Hawthorn+Pleated+Crepe+Wide+Leg+Pants
5.11 Men's Taclite Pro Tactical Pants,$65.00,men,https://encrypted-tbn1.gstatic.com/shopping?q=tbn:ANd9GcRiTRj8I1K_RYhC0kmlnp8aq77z1rwfGENAMKS5QcKTQ_cc9qg5L_H5XquqW0wqdWjm2S6r4Lu3UgjgEVMybcVDGALnUgCb2rZtOh9gpdVCzvkyKmhUIJRXnA,https://www.google.com/search?udm=28&q=5.11+Men%27s+Taclite+Pro+Tactical+Pants
7DIAMONDS Men's Generation 5-Pocket Pant,$128.00,men,https://encrypted-tbn2.gstatic.com/shopping?q=tbn:ANd9GcSQEywpTm0lsp2_ZwAo_tBkDhhs8YeIuodQKWNz_Yj5iBQ6KpltxSSiipg882y2PMQlc_C2_MRLk3eCaj5duDJuiwHsQ4ME5Fdx_NzdrpxYbqC_tr5bqg7Flr0,https://www.google.com/search?udm=28&q=7DIAMONDS+Men%27s+Generation+5-Pocket+Pant
adidas Men's Essentials 3-Stripes Fleece Pants,$31.50,men,https://encrypted-tbn0.gstatic.com/shopping?q=tbn:ANd9GcRQDyyoy4pMjPOF0lgnKZQtqU5ucxLADdSipE8wdhoyY5mURoyuR0Kn4nKLh4eNZGd9AhIaKkd14sxF4Zg9CbjZFyv5FvGPkZPYrK0g-utOn2YHwhAVZ8UL,https://www.google.com/search?udm=28&q=adidas+Men%27s+Essentials+3-Stripes+Fleece+Pants
adidas Men's Tiro 24 Training Pants,$50.00,men,https://encrypted-tbn1.gstatic.com/shopping?q=tbn:ANd9GcQoTQWa1a77GUUdNNeHU5rJZ311G2BmPtm0SCyJn8KPLJaV3GJ6kw7MGUHpZdu4LSEYhGwbaYgWfjiF2atXIypl5vfrXvj6qFtTm_i28P88yU9okh4NRi9hIQ,https://www.google.com/search?udm=28&q=adidas+Men%27s+Tiro+24+Training+Pants
adidas Men's Tiro 25 Essentials Training Pants,$45.00,men,https://encrypted-tbn0.gstatic.com/shopping?q=tbn:ANd9GcRPnfE4yZ70Nf_C7-aK9wS66ODXOv4EAgZ6ePoYi9c8K8f-RrfpFW812kWKoPYTyF9t7DYeWCpUtoHFiTvvx7pZOC8_T56Vb8BPc94QvfEUwRGTkyortnULdQ,https://www.google.com/search?udm=28&q=adidas+Men%27s+Tiro+25+Essentials+Training+Pants
adidas Men's Trefoil Essentials Pants,$60.00,men,https://encrypted-tbn1.gstatic.com/shopping?q=tbn:ANd9GcSxlsNzMx5NqA3AtasiMqsY-3E3ZKsdtGkBmCtm-ChjdsSyQFWPlEcacwTx8g-O_PKpwu5EQAERzwu_248oYitbEn7IdhjU_11l9GQqJqtuABdert24czx8ew,https://www.google.com/search?udm=28&q=adidas+Men%27s+Trefoil+Essentials+Pants
AE Dreamy Drape Stretch Low-Rise Ultra Wide-Leg Pants,$56.95,unknown,https://encrypted-tbn1.gstatic.com/shopping?q=tbn:ANd9GcT7yFdnuGubbCms3xfRpe9OJyEOBu62-Jl1AGEocHvscmF8xCChadtXFhkD2Ltyvw5j2q51-f9eaDziIv-KVu1D61GqPhrmcJPvYoQRVx-lqgUNTqiM4epXJw,https://www.google.com/search?udm=28&q=AE+Dreamy+Drape+Stretch+Low-Rise+Ultra+Wide-Leg+Pants
AE Flex Men's Ultra Baggy Cargo Pants,$50.95,men,https://encrypted-tbn2.gstatic.com/shopping?q=tbn:ANd9GcQZyp2TOO9aP_2toFrHiSnPurJQKHgQ99eWKb5j4Bf0XeB3lp-kSnjW0Dr10p85sEd4pg67HgH18W3bZTEGMp_nYDDLJBoJXI0efACTVam87HSObzq5Qe-DFTg,https://www.google.com/search?udm=28&q=AE+Flex+Men%27s+Ultra+Baggy+Cargo+Pants
AE Women's High-Waisted Utility Pants,$24.99,women,https://encrypted-tbn1.gstatic.com/shopping?q=tbn:ANd9GcTSe4eJtQXejCSnKCBeSt6w6Zf-6dOQIRD_r8KkrM6DsnUozMYsfSUvXh-lNzakwsFCqZ6uQKYwgEH_slgAfXzzFn_vNS375f8tlueBTP_Y3jtzy5wckElZ9Q,https://www.google.com/search?udm=28&q=AE+Women%27s+High-Waisted+Utility+Pants
AE Women's Mid-Rise Wide-Leg Pull-On Pants,$24.99,women,https://encrypted-tbn3.gstatic.com/shopping?q=tbn:ANd9GcRbUB1caI5ro01imYDt1Vd93s0U8xBqOuGGlVGgtrEUqtJwbwUEXHJDlDC-MRxVwMhFYCZnNwHtcdrPU93ruZmeEGe4FSSGyzTwoloaoSIBQtKDo4DOK8K3,https://www.google.com/search?udm=28&q=AE+Women%27s+Mid-Rise+Wide-Leg+Pull-On+Pants
AE Women's Stretch Low-Rise Baggy Utility Pants,$24.99,women,https://encrypted-tbn2.gstatic.com/shopping?q=tbn:ANd9GcT2aj1EgDmct5Jf9lJR9ySqjkGiCT0wPJP04Ti29ZSignaX2l8xUtEGZuagBrjGvtd0TGQq_Iob62Ad3hwN_KTtK4-U362MQodZxfrMXosMc5K01HhxrqrW2g,https://www.google.com/search?udm=28&q=AE+Women%27s+Stretch+Low-Rise+Baggy+Utility+Pants
Aerie Real Me High Waisted Crossover Leggings,$40.45,unknown,https://encrypted-tbn0.gstatic.com/shopping?q=tbn:ANd9GcT3N5xC4CrLH4cHD5FSJsMVWLcCxRXkDtkf7XTBOAXf6xu8En_gFvCOqSGQbtFz-vSlalXyNJxnQC8JlVR75iYwee5vF0jBrkMxq-b7o4yQarXsB0cZ6kGw,https://www.ae.com/us/en/c/aerie/bottoms/leggings-yoga-pants/cat4980018
Aerie Real Me Xtra High Waisted Trousers,$66.45,unknown,https://encrypted-tbn2.gstatic.com/shopping?q=tbn:ANd9GcQutR34ko8ZJlMvPtaGSWYDQ-W6yH0Y47OWSs-WgZQXr1LNdHtAh2xni_wGd0YMRj46PwySlS3qbLMNe-ZeMBk-VJMIWxTcTHKMq2h-guPn_0TSRMEZV-SAo1I,https://www.google.com/search?udm=28&q=Aerie+Real+Me+Xtra+High+Waisted+Trousers
Aerie Women's Street Trouser,$52.20,women,https://encrypted-tbn0.gstatic.com/shopping?q=tbn:ANd9GcQvFG27R16-agi-kciOokZLc6Odsot7tSsCBG-L9Trtw9QObBy7iYO1f7oocCWRmrK7ON74Zg008YWr9TCmGMrMLKPUK9eyzOhAJxKJAGxBElxex_AxzDMyMw,https://www.google.com/search?udm=28&q=Aerie+Women%27s+Street+Trouser
Alfred Dunner Women's Elastic Waist Short Length Pant,$23.99,women,https://encrypted-tbn0.gstatic.com/shopping?q=tbn:ANd9GcQfCGxdaY25JpkHcBBA8nsSXzxMXSjwu7k5-pNt9fs--WuJlQr8iIdzgXUeRk5pFlfnf-edOuWRnCUZIXUdeZSl2i6HQTKLqIoFA2RHxgtGpziaayMAM4eYOw,https://www.google.com/search?udm=28&q=Alfred+Dunner+Women%27s+Elastic+Waist+Short+Length+Pant
Alice Ultra Light Straight Leg Pant,$248.00,unknown,https://encrypted-tbn2.gstatic.com/shopping?q=tbn:ANd9GcQixUxI72mTm7JgekbV6AHQJpzGhgJNyIdRAHnw8u5MtQMz1ECqxnbNXuEcHs7KosUBnzcjQews38687qIp6GxkLGRYqasjxLzaf52_j1YhBiJU2SsC4KS99g,https://www.google.com/search?udm=28&q=Alice+Ultra+Light+Straight+Leg+Pant
Ann Taylor Women's Bridgette Pant,$71.40,women,https://encrypted-tbn0.gstatic.com/shopping?q=tbn:ANd9GcSekojEBEomuNjDoQF5z70tHnCrnZZ_rtApNMwjcpdN27doe6JcYoRyq_e3wzZw699TnOPey1hv5ECVaEmKvxTbKBgP98CeyFI5JEWYxkTZSB_4s0P81sr_tEE,https://www.google.com/search?udm=28&q=Ann+Taylor+Women%27s+Bridgette+Pant
Ann Taylor Women's Easy Wide-leg Pants,$80.99,women,https://encrypted-tbn1.gstatic.com/shopping?q=tbn:ANd9GcRWyWu9b5m6FVYMJvkPfCLPYx7fCJrKvYeVzbPWuZFxGaPRE50YV_yu9Xqn4xxy-fiPnpoYyjGm82ixrmH7kgcVSfPOZWxNMefOzbuEWZPm9Hs54k6r2akGXQ,https://www.google.com/search?udm=28&q=Ann+Taylor+Women%27s+Easy+Wide-leg+Pants
Ann Taylor Women's Eva Ankle Pants,$58.80,women,https://encrypted-tbn1.gstatic.com/shopping?q=tbn:ANd9GcRXtmXSLLgtjvRIq2XF2PX5V_UeDPaWPbXqFuOC0v08fvQVU0TwrwI5bDMSQy0R8_K6TVc_gJNreIw9abLdla1zoJThdES0HdRPopWfb_LjU1OYrSzgzh1D,https://www.google.com/search?udm=28&q=Ann+Taylor+Women%27s+Eva+Ankle+Pants
Ann Taylor Women's Grace Straight Pants,$65.40,women,https://encrypted-tbn1.gstatic.com/shopping?q=tbn:ANd9GcQVNj-0opoq33p6q0AfzKBnOz2IaEnELYXBTZoi0DNpfuCtQd8Xi4Y2T4-zaqX-v9ZsJjoSHhhK2JalVLRhvMTrYScatR0MuviIStRSpFZr1r-cNSzZQk5esQ,https://www.google.com/search?udm=28&q=Ann+Taylor+Women%27s+Grace+Straight+Pants
Ann Taylor Women's Jayne Trouser,$71.40,women,https://encrypted-tbn1.gstatic.com/shopping?q=tbn:ANd9GcRx2cusHILbKFUfAKvo5N2D0R2CZlPYDv3WLjdiAmMv8WP69jff-hbKbbmLfF0ct-RxPbf6DwF3n0wcUmVNLRMTW0SbM7TXlriFc_7ewxrN--gTlBmWe_5_8Q,https://www.google.com/search?udm=28&q=Ann+Taylor+Women%27s+Jayne+Trouser
Ann Taylor Women's Natalie Pants,$65.40,women,https://encrypted-tbn3.gstatic.com/shopping?q=tbn:ANd9GcQoUPrSntpBfsrnDALNO4VR2Z0v46sRGUioPkB_--43g5BwojuzcmZpGZFEQejmm8Z9IM_GIxMIRQGmDevKRsmkgddCyxXedObkXvdQxdclFub6pwp7mTbVaro,https://www.google.com/search?udm=28&q=Ann+Taylor+Women%27s+Natalie+Pants
Ann Taylor Women's Perfect Wide-leg Pants,$83.40,women,https://encrypted-tbn0.gstatic.com/shopping?q=tbn:ANd9GcRRnHD1ln3EZsqMHtrAgdLG-Y-Se-YnNhhHpSn7BgsogwMjE9qAK5JSqen8FO0qxGp8nPXG7DjsHK4QCYkdYTdgrgfhju2yxZVFrhmVZK2i2B4XaAxY3w8OnA,https://www.google.com/search?udm=28&q=Ann+Taylor+Women%27s+Perfect+Wide-leg+Pants
Ann Taylor Women's Pleated Straight Pants in Textured Crepe,$83.40,women,https://encrypted-tbn0.gstatic.com/shopping?q=tbn:ANd9GcTY4Fa4AEY8egglDvQOqkI1I0cAYVhEulh2DzDvCtcFALOlLl-pTiCiYq9SsjA6uk-V8e5CdVbwLfzHRw0_rnn9mju1AwQZtEQ0y87KDvQbK9h6EwqThdJunDo,https://www.google.com/search?udm=28&q=Ann+Taylor+Women%27s+Pleated+Straight+Pants+in+Textured+Crepe
Ann Taylor Women's Pleated Wide-leg Pants,$89.40,women,https://encrypted-tbn0.gstatic.com/shopping?q=tbn:ANd9GcT2DdvQQpkTUlLdpqvtXHtLgDkbgCaBIbo0_M0S1n4nBYIxFWnsHVvJtYRfNbHw0PJ-hQC8ydrsHyFWtRVI3KDeD-LpP1Ck2_EUV09SDtgwApj7-1kam-l30g,https://www.google.com/search?udm=28&q=Ann+Taylor+Women%27s+Pleated+Wide-leg+Pants
Ann Taylor Women's Sophia Pant,$71.40,women,https://encrypted-tbn0.gstatic.com/shopping?q=tbn:ANd9GcQR2uC0LenZLLU9fX7kyb3Jx90YAnZtMbQ8RAi0Ns4TuEb_-trnNn4yKAxp0JO0byD2TbjGw4dcNeFteLte8o9hr_GVRUX6Bj4V6Iqop31Usry0uC-pfPSsshs,https://www.google.com/search?udm=28&q=Ann+Taylor+Women%27s+Sophia+Pant
Ann Taylor Women's Weekend Everyday Wide-leg Pants,$83.40,women,https://encrypted-tbn2.gstatic.com/shopping?q=tbn:ANd9GcQXFXuYcSNz2YUFmEoONsI_BVbZWgrFfYiL-qJ4XAoF3Fix4WywRtfXhS95c3DYQbFwLLYFeXbJS1vJubzoioc0iXrsS8TXY0lg9w-C8qb6kW5m90V_eSAygQ4,https://www.google.com/search?udm=28&q=Ann+Taylor+Women%27s+Weekend+Everyday+Wide-leg+Pants
Aritzia Women's Markova Pants,$148.00,women,https://encrypted-tbn0.gstatic.com/shopping?q=tbn:ANd9GcR0uS7HxH4WHpKpSgwcR57UfClPShoCXiLLgyHtbQVOlFi0D3WmGgGnqhURmHTnBwt0Ig0VVxlyuZe5Qb42xSnY1GuetYmRS-Fd1kui3zzSFr86CHa5hVAxnS0,https://www.google.com/search?udm=28&q=Aritzia+Women%27s+Markova+Pants
Athleta Women's Brooklyn Mid Rise Ankle Pants,$69.30,women,https://encrypted-tbn3.gstatic.com/shopping?q=tbn:ANd9GcS80QbCjHxbBZ6I_cmIOyED9ht6bCO8lx3Uo4NbkPEIoDyiodCx_4vEJqKJl1_-TmCbatHMv0tecNmfkfKDeISBdr8u8x7qd5KdwLQ1X8LQz-oLz8R1mgW5,https://www.google.com/search?udm=28&q=Athleta+Women%27s+Brooklyn+Mid+Rise+Ankle+Pants
Baggy Cargo Pants Khaki,$250.00,unknown,https://encrypted-tbn0.gstatic.com/shopping?q=tbn:ANd9GcQC69yStdmWjvrVRbe1H73vI7affVYes0Niv6j9rYOeQWYTIZ-8RRHgZcfjo35z09sW5Hcda00NfTG0-zUSuTn8M2B80sQCRG0eTeb1P5Xuy8q8N4AZOnDbEmo2_A4o5JOWDSbj5mY&usqp=CAc,https://saintperry.com/products/baggy-cargo-pants-khaki?variant=44250602635520&currency=USD
Banana Republic Women's Straight Everywhere Ponte Ankle Pants,$100.00,women,https://encrypted-tbn1.gstatic.com/shopping?q=tbn:ANd9GcQEsmIPXMcOTI-HMFxoftdkyEojapL_2zrN_ryYRPy-xy9ZPhALfCf-6P6J4f7xTDvHHkS0Ud5F4rR0SfYwCaO_hPLStoQSN0bcCxG0DSkVIm-K_-Yr9k5spA,https://www.google.com/search?udm=28&q=Banana+Republic+Women%27s+Straight+Everywhere+Ponte+Ankle+Pants
Barrel Pants | Brown | Large | 100% Cotton | UNIQLO US,$59.90,unknown,https://encrypted-tbn3.gstatic.com/shopping?q=tbn:ANd9GcTCRMKJX2WAmDFCxM9df1zoIxcOqKwJInTPBQfkSv7fM_3Aofc4Hd2V9lpaRy_ZXmm36PtRukCvyiXifET4frQ9awXAfe2PD9TY_occCMjXI9OFi4PrWbcM99bKJzE5alW31WL6TeOMNMT0&usqp=CAc,https://www.uniqlo.com/us/en/products/E484875-000/00?colorDisplayCode=34&sizeDisplayCode=005
"Bearbottom Stretch Jogger | Top-Seller | Bark - 30"" Inseam | Size S",$70.00,unknown,https://encrypted-tbn0.gstatic.com/shopping?q=tbn:ANd9GcTr8Gu8duk-JD1pUeuTzqfWIJV_MKjrrPHAPhmmOeP2x61Q9v4uqZ_Pfze9qcs0EYhcCsviH9OWos6rKVnjh3gWNmorprADsbxij8ZSiB5sgCUojam1upVzhbt-l_EsNxdBPvZVDW0&usqp=CAc,https://bearbottomclothing.com/products/stretch-jogger?currency=USD&variant=43841340375179&stkn=3ef366f102ee
Boden Women's Canonbury Linen Pants,$187.00,women,https://encrypted-tbn2.gstatic.com/shopping?q=tbn:ANd9GcRD0Iu6OaqKpkutsQi2EmJcm7fCubWqEfvONZzZSRPXm9xASV9M9ygYo6O_tcSabSGQxdHrr9RFD2Z6ps_oKAICHpZ1owuzHcR6YMI9Ad_Phch6H2aE_YxJyA,https://www.google.com/search?udm=28&q=Boden+Women%27s+Canonbury+Linen+Pants
Buddha Pants® Miami Harem Joggers,$95.00,unknown,https://encrypted-tbn0.gstatic.com/shopping?q=tbn:ANd9GcSxHWTHwhZuCfK51BzV5stzNX5QefyA4qYKvCd8We28lH7INanmRzU1TiwyI5GzDXCZsH2-wPmaGLgVBUqDMgr5Z1xJoMN-Y3UevHTkBOTHPEK6MFvKNRY-,https://www.google.com/search?udm=28&q=Buddha+Pants%C2%AE+Miami+Harem+Joggers
Carhartt Men's Relaxed Fit Rugged Flex Ripstop Cargo Work Pants,$64.99,men,https://encrypted-tbn0.gstatic.com/shopping?q=tbn:ANd9GcSnRH686xNkJGWPlGr6__7YBOErxNCejXfP9lpaj5M67RGSx0Pe_YxCwLNAJwaP5iHL02fs6aG4Tc7CZ7yEXYQh4vxpxWbKTCXbIeHexWm70dVxasZHb91xvA,https://www.google.com/search?udm=28&q=Carhartt+Men%27s+Relaxed+Fit+Rugged+Flex+Ripstop+Cargo+Work+Pants
Carhartt Men's Rugged Flex Rigby 5 Pocket Work Pant,$54.99,men,https://encrypted-tbn0.gstatic.com/shopping?q=tbn:ANd9GcT50Kfm-uqF2_bJE-jG2Jlyzt3OKBe9uzUXDiY2RN09zbHZLqZZK2Net26gLjaKvtmD1GF3q0aqD0-nR137HINXFoDSiYJRcSqKfYWkZPCp8XWcbYdmwfhpTw,https://www.google.com/search?udm=28&q=Carhartt+Men%27s+Rugged+Flex+Rigby+5+Pocket+Work+Pant
Columbia Men's Rapid Rivers Pants,$49.00,men,https://encrypted-tbn3.gstatic.com/shopping?q=tbn:ANd9GcRbZkttpvnBjmo9vgaC7QjPXTs0S9vq_KGPqipHG-h50nRTcHQV-0zg8gNHqnALCzwQTbc4G2HdeLFBUvt7WjACCHI2BzbWul0ONtLWlqvqnwOCX6ky5ezkUA,https://www.google.com/search?udm=28&q=Columbia+Men%27s+Rapid+Rivers+Pants
Cos Women's Boiled Merino Wide-leg Wool Pants,$149.00,women,https://encrypted-tbn0.gstatic.com/shopping?q=tbn:ANd9GcRGvcgC2_Zq0wPjU6WajvrBEPzIJsdNfSoCrP4uv_vVqVssn8HLujVauDaZva7wKWp2kSDEHKQOeK20-n6LazyzIJDiV_YHjLrBgoeoOIOCoL4p8G1DN-dAyA,https://www.google.com/search?udm=28&q=Cos+Women%27s+Boiled+Merino+Wide-leg+Wool+Pants
Cos Women's Regular Wool-Blend Wide-Leg Pants,$169.00,women,https://encrypted-tbn2.gstatic.com/shopping?q=tbn:ANd9GcSBR3vVmh2s6Ja7-fQ4KnC6ja9KKiXxP_8JFY-bASXgPcFnbRHPcp0l8cStVceDOhilVrdJxyARUnXI7-xSFOzej-qT6hIhzZvPIMxaD1wNlk0iPGOHH6_-RW4,https://www.google.com/search?udm=28&q=Cos+Women%27s+Regular+Wool-Blend+Wide-Leg+Pants
Croft & Barrow Women's Effortless Stretch Pull-On Pants,$25.49,women,https://encrypted-tbn0.gstatic.com/shopping?q=tbn:ANd9GcR82HeUBQZiz6FROuwOSJLF7FPWvOtkVw2gATMgEGeq-xIJgzGm1GI_GGTmwAIiwuj79sDP2btmkFaR54MdjRSJ1KVsedH1kyeCVJkos_DOaxMViZ0o1u8I,https://www.google.com/search?udm=28&q=Croft+%26+Barrow+Women%27s+Effortless+Stretch+Pull-On+Pants
Dear Scarlett Wide Leg Pants,$29.99,unknown,https://encrypted-tbn0.gstatic.com/shopping?q=tbn:ANd9GcR69o0NXbG2bpr61L5z95c5P-c0YRrp8LAm8J5l6kjqXtAjeIqlpnWt9owfpELUXRFt8D4z0Lp5oJ7dyJavrHqfbLPyokjiyopwk2S0JJ_XKhdXPe_3nNE4,https://www.google.com/search?udm=28&q=Dear+Scarlett+Wide+Leg+Pants
Dickies Men's Original 874 Work Pants,$21.95,men,https://encrypted-tbn1.gstatic.com/shopping?q=tbn:ANd9GcT8I23QdlyrkV6qYp_WiK_SQ4Ve838NXM7tBviTN6LPAL37UPvIte1CAfcTWXtW_g-DQqggSbijrG_93uQ9h-O73eyLY4k-hBqHe5rGfuVS4DUEhs02Q6BY,https://www.dickies.com/en-us/collections/all-products
Dickies Men's Original 874 Work Pants in Airforce Blue size 33,$21.95,men,https://encrypted-tbn2.gstatic.com/shopping?q=tbn:ANd9GcT7_XBWXUWGxMk3swmoHJe2ApUPXJZXCexDC_au4N1g-3Ywl4iVtxYpN4zQkHNqLKsyts1sLpYXHEDPjMox2BM9dVCdoNCMEE9stI2ym-RodXXNIHRTwBNGtw,https://www.dickies.com/en-us/collections/all-products
Dickies Men's Original 874 Work Pants in Black size 40,$21.95,men,https://encrypted-tbn1.gstatic.com/shopping?q=tbn:ANd9GcT8I23QdlyrkV6qYp_WiK_SQ4Ve838NXM7tBviTN6LPAL37UPvIte1CAfcTWXtW_g-DQqggSbijrG_93uQ9h-O73eyLY4k-hBqHe5rGfuVS4DUEhs02Q6BY,https://www.dickies.com/en-us/collections/all-products
Dickies Men's Original 874 Work Pants in Dark Brown size 38,$21.95,men,https://encrypted-tbn2.gstatic.com/shopping?q=tbn:ANd9GcRACMJkAStVBQzxhqVbyy_a9_szk2XoiyNp3_5g6HA8BErxwTuBC0te9_i2L8P7EsT51OjPkhd03AeC-ScEVT0Uy0wfBPBD_PKLO1-cdVGRTwDZooeKgWENkg,https://www.dickies.com/en-us/collections/all-products
Dickies Men's Original 874 Work Pants in Hunter Green size 40,$21.95,men,https://encrypted-tbn1.gstatic.com/shopping?q=tbn:ANd9GcQsjZ8Rz4kUCez17TdckbZS6lHpblbOGV5eazQ90Rq5c-LNz3MuvBxPRzqAVb0gGSCDxjcvf21s2EHD3hPYjxL7U74VV-Km3qNsqsH3EKXmU7TlRvTvDIMQug,https://www.dickies.com/en-us/collections/all-products
Dickies Men's Original 874 Work Pants in Khaki size 32,$21.95,men,https://encrypted-tbn2.gstatic.com/shopping?q=tbn:ANd9GcQs_ZpWbuS5lOa-aOy_zi9fYF3iGk1JDtGh6mI-jJFrVOW7q1fcGhKmA9FnvXcwhF4vTVq44YU4r7CMZl6azOQdL98YUsx7zMxnAZbcRGZ3ufgCtKj5OFWH7g,https://www.dickies.com/en-us/collections/all-products
Dickies Men's Relaxed Fit Stretch Cargo Work Pants,$34.99,men,https://encrypted-tbn3.gstatic.com/shopping?q=tbn:ANd9GcR3dT8I2feqW831cAX3-gUzZzw6gioRkUU1Mpxm7FA_Y07weRUer6MX-BsAZneEFeBb8WrtWaUbjqAhdUov1XtkEmC4RPuiZrToa_tsMkLJACvglwoSKGeNIw,https://www.dickies.com/en-us/collections/all-products
Dickies Men's Tradebuilt Duck Cargo Pants,$59.99,men,https://encrypted-tbn3.gstatic.com/shopping?q=tbn:ANd9GcR4wa4rNsGrWHqaVcOfG6bWYubgdM68eBvWg_qVQPLwmKbLHSfosYsR-f-dRrhXS69SkWdNN6w_iRQkfn0WfsSCNud2CPPYfHPg47VNF1cignwRzgysoZe3,https://www.dickies.com/en-us/collections/all-products
Duluth Trading Company Men's DuluthFlex Fire Hose Ultimate Relaxed Fit Cargo Pants,$94.50,men,https://encrypted-tbn1.gstatic.com/shopping?q=tbn:ANd9GcTKr5gXpfNiC9JIkCGIgL_QlpqAiSyRlFatxs6ycVV8zPMpP2rYb8E7Lb1J52OFkBlUWyQlBM98K0ZrePmg2DlHwfSAQ1Fo4H2JgJNFSFN2OSarLHO0iyIy,https://www.google.com/search?udm=28&q=Duluth+Trading+Company+Men%27s+DuluthFlex+Fire+Hose+Ultimate+Relaxed+Fit+Cargo+Pants
Elegant Simple Regular Fit Suit Pants,$43.99,unknown,https://encrypted-tbn2.gstatic.com/shopping?q=tbn:ANd9GcSYW5ZHOc6M9cmmSwfeoEH_IB_DxlcLDxIKoh6xRzdR1055XM9cmv-_S5lutKZqEyf_gGFlj_3ZnAlJq_U6jexpv62YFcX6PuFKQnSqnZCz,https://www.google.com/search?udm=28&q=Elegant+Simple+Regular+Fit+Suit+Pants
"Ellie Navy Merino Wool Pants | Warm, Wide-Leg Wool Pants for Women",$194.00,women,https://encrypted-tbn3.gstatic.com/shopping?q=tbn:ANd9GcQi4GHlvT8Tsz8truZ9IhBJCSGu0Gs9ykxcEeVDjiqhKLcGt5hcUKBLBAMUd2OUZaOgLBecWwHQxueZezLUiDFAGKRsalP2Fai4nvQIjtwaLfmtsKlW2cSRpFu4IZjaQ6RMjg9GLA&usqp=CAc,https://www.woolx.com/products/ellie-pants-merino-wool-deep-navy?currency=USD&variant=41563191705666&utm_source=google&utm_medium=cpc&utm_campaign=Google%20Shopping&stkn=76eceb4ce104
Express Women's Editor Signature Stretch Super High Waisted Straight Ankle Pants,$44.00,women,https://encrypted-tbn1.gstatic.com/shopping?q=tbn:ANd9GcSrbOGCfUWWvgYWAVkROnEoM1VSrlR3AU840X1yP8NCqC9PfznDLYX8pWJdT_hVBrXx8Wr4n7UxeM6vd5dolZVDCQKbb2q5,https://www.google.com/search?udm=28&q=Express+Women%27s+Editor+Signature+Stretch+Super+High+Waisted+Straight+Ankle+Pants
"Fabletics Men's Don 5-Pocket Pants (Baggy Fit) Taupe Slate Size 35 "" / 32 | 32""",$124.95,men,https://encrypted-tbn1.gstatic.com/shopping?q=tbn:ANd9GcSqJG_7FVwGM1nKeWY7FFF-AncOXDAqrhCP1H1y567W3KSdt-fK8gdZYQdUr2cnqEAAXulc3GH7zDRlRy4rARd8OP6XZkWWtrW098E8RoQEgWBaPtqZfKN0qV3DnGrsmiuzeSnooA&usqp=CAc,https://www.fabletics.com/products/19611405?utm_medium=shopping&utm_source=google&promo=gshop_msrp
"Fabletics Men's Don Trouser (Classic Fit) Deep Navy Size 29 "" / Tall 34 | 34""",$124.95,men,https://encrypted-tbn2.gstatic.com/shopping?q=tbn:ANd9GcQc03AXaX4AwA4aBbIbPEsSQQt5eRtzgdHp3pAJ55JAJbwVuEAlobobd9BF_lAHEsaDARE9GBBHeblNa1b_ebSoiRdGuznJ5dtaJAwjpNRZgomrMxsFrCZb&usqp=CAc,https://www.fabletics.com/products/17342780?utm_medium=shopping&utm_source=google&promo=gshop_msrp
"Fabletics Men's Don Trouser (Classic Fit) Onyx Size 34 "" / 32 | 32""",$124.95,men,https://encrypted-tbn1.gstatic.com/shopping?q=tbn:ANd9GcQEhPLoTZPP84NArSJiDZcjMHLFHL8S5MOfltfsbFOERcFDpXEMNIra4PMZeNCi3F1q6KubZTpV9FD24Yx9ieW300k2GPY_RTOTBOxTNVRhRypHifC-E2kT&usqp=CAc,https://www.fabletics.com/products/17343275?utm_medium=shopping&utm_source=google&promo=gshop_msrp
"Fabletics Men's Don Trouser (Slim Fit) Deep Navy Size 33 "" / 32 | 32""",$124.95,men,https://encrypted-tbn1.gstatic.com/shopping?q=tbn:ANd9GcT4Ywrvio_i6vfs6nFjscutzWE6y7MWRKE5BYua2fRLPKkZlONDvfg-4o4UUvKp0LWWJJFi9pBnEnuCYJQlzmPvBMHXVh8bKRhKjZzd7aPfiVzmFLu6DOEe&usqp=CAc,https://www.fabletics.com/products/17346165?utm_medium=shopping&utm_source=google&promo=gshop_msrp
"Fabletics Men's Don Trouser (Slim Fit) Pine Shadow Size 34 "" / 32 | 32""",$124.95,men,https://encrypted-tbn1.gstatic.com/shopping?q=tbn:ANd9GcSNJOY1GTMmRRJqb0STdP4WTG-hZmSPY-kGPT_EK9WSEMLxC7kM2ZXa6qBqvOUkLfFji2MqnkrVylJt0lxXBBngVKbWUds5zwRHj6_TFTVt5z2MLUEYaB1o1A&usqp=CAc,https://www.fabletics.com/products/17522800?utm_medium=shopping&utm_source=google&promo=gshop_msrp
Fashion Nova Elma Wide Leg Trouser,$13.98,unknown,https://encrypted-tbn2.gstatic.com/shopping?q=tbn:ANd9GcTUbG6p-037NAUl2DgqanR7Bg1KCMueJP2ABd2dREiJKM8ydZMGyCN1e8MQukif4PP5eRnFue71So52aOgPMDKJxDweFsgj_YTkoanq5aoQsmXgM4OACuOqeg,https://www.google.com/search?udm=28&q=Fashion+Nova+Elma+Wide+Leg+Trouser
Fashion Nova Heidi Wide Leg Trouser Pants,$18.00,unknown,https://encrypted-tbn3.gstatic.com/shopping?q=tbn:ANd9GcSFe4TzPoOP0ok9AvIguQKRW4uHtmXoTJXoR_YqXBxEfTuEvDRtPRsosWe95uytPYJJoesEFBFu1CDW3hHG119Hax9Ed13i1u2EU3Qz7kKRXACjMx9xRTbzCA,https://www.google.com/search?udm=28&q=Fashion+Nova+Heidi+Wide+Leg+Trouser+Pants
Fashion Nova Men's All Good Slim Cargo Pants,$25.00,men,https://encrypted-tbn1.gstatic.com/shopping?q=tbn:ANd9GcTR4rgqu_fpbcnWizlmOglqTHBx-f3ZtZTeikK1OypLfmzY32DEG1mlTmBh3a0cuRUDup-HHeSdi9_lRH4taF2D9pa0Z8meZU-PyTKIgXJJZlN6BZg_oOUS,https://www.google.com/search?udm=28&q=Fashion+Nova+Men%27s+All+Good+Slim+Cargo+Pants
Fashion Nova Victoria High-Waisted Dress Pants,$15.98,unknown,https://encrypted-tbn2.gstatic.com/shopping?q=tbn:ANd9GcRo4Rd4za7BgIUTJlu7xw5qGcp_Hyu7LBOsbdftndccGQVv5xHlCNlJ5EMrTzfqKPAJQpR99OYms6jpsBO3nCO-DDb-OQE_woBVeZkNdNcjyoKBf_iwfUQHPA,https://www.google.com/search?udm=28&q=Fashion+Nova+Victoria+High-Waisted+Dress+Pants
Fashion Nova Women's Cami Wide Leg Trouser Pants,$23.99,women,https://encrypted-tbn0.gstatic.com/shopping?q=tbn:ANd9GcS1UpaW9MvhtbbGcs1Dnc2yqeuni4rGqsGmKhEBr3HkmnEFWYrqbiMf895hm9D0-wqhPPWb19rKrkRaCBemCBy3JeuinvC6hGeqAx8_5QnWnrLwiJLhMEwhmVw,https://www.google.com/search?udm=28&q=Fashion+Nova+Women%27s+Cami+Wide+Leg+Trouser+Pants
Fashion Nova Women's Carmina Wide Leg Pants,$19.99,women,https://encrypted-tbn0.gstatic.com/shopping?q=tbn:ANd9GcQPeVPvEQ_2EfmRCuIsUlK2CUl-be8iGi1FVglxWY365RxvIockeeN3LMol2oI4rTrX1dVx4c72iVl-EhbaD1QX02FryOkycMWOy5xYZirUwhm1-N2LnaMlTM8,https://www.google.com/search?udm=28&q=Fashion+Nova+Women%27s+Carmina+Wide+Leg+Pants
Fashion Nova Women's Fully Booked Wide Leg Trouser Pants,$9.00,women,https://encrypted-tbn0.gstatic.com/shopping?q=tbn:ANd9GcRqby9dfsMFPe2t0fEzpKrwII1R4C8L2JaJFSR1k6GC15eMHEJy16dUyRiSS3VvOXMEFB86bla8yHnr7-Q8aLo7_NXqSEWEBJR6yXOkryO8_dGWl-uDvjHw1g,https://www.google.com/search?udm=28&q=Fashion+Nova+Women%27s+Fully+Booked+Wide+Leg+Trouser+Pants
Fashion Nova Women's Kendall High Rise Trouser Pants,$20.99,women,https://encrypted-tbn1.gstatic.com/shopping?q=tbn:ANd9GcTKq4lauCLcunSKLuC5iYsgIbfd11wPmqlJbaPuvQj-DpXVbLzHqflRa7yE8HrwZKSgAzTZMxl3wTn455yKIMDI6fqwxXPXVRQXmTics-z041tbpKv8lfwTgy0,https://www.google.com/search?udm=28&q=Fashion+Nova+Women%27s+Kendall+High+Rise+Trouser+Pants
Fashion Nova Women's Late to The Meeting Wide Leg Trouser Pants,$11.98,women,https://encrypted-tbn0.gstatic.com/shopping?q=tbn:ANd9GcRNCNEYsh1jAMD5-cH1rG8LCOzDAPEV3wU-g_GLN-Vnjm2Piwn8y3wLiva9_MDIfN1U2ogDMzu4n7Tkg6pK54G8ua5aJ_Jr9ZRZokh_kh59oQ6XlHc8f-0DtGY,https://www.google.com/search?udm=28&q=Fashion+Nova+Women%27s+Late+to+The+Meeting+Wide+Leg+Trouser+Pants
Fashion Nova Women's Meet at Sunset Wide Leg Pants,$31.99,women,https://encrypted-tbn3.gstatic.com/shopping?q=tbn:ANd9GcTAEArNL0R8FUxfpxDu4_pFUV5S5Q-9dZxDyxaSwlQYxCX3L2c-7sRYXJp_sCkwGYf71E5Gg-TxNqEZ9LHy5O-EOKPUeiykeO4lQXaGWmEF9qicUPqRATmzIw,https://www.google.com/search?udm=28&q=Fashion+Nova+Women%27s+Meet+at+Sunset+Wide+Leg+Pants
Fashion Nova Women's Mission Accomplished Trouser,$14.99,women,https://encrypted-tbn1.gstatic.com/shopping?q=tbn:ANd9GcQiH2r065pU_LvPaWtiKoD6g5V0wZfNADITaZMI_ZPet591f9nIA-cSpmiJPDbGk9s3TE47W4g48zpPsC04Fg8NY3QTg7LkfOpI_lwoWFXuf1WekmfDAHk6FxE,https://www.google.com/search?udm=28&q=Fashion+Nova+Women%27s+Mission+Accomplished+Trouser
Fashion Nova Women's Raise The Bar Skinny Trousers,$14.00,women,https://encrypted-tbn2.gstatic.com/shopping?q=tbn:ANd9GcSmcwkYc_GWmomHRGurhgNCPB_sqfjQpv6Qf-WAfCO3ekAEI8PwonH6n2Ay9eDAR-a4m3R1PbWaV-UlRhMQnxs1EXpXIS8Re_cGcX19e9VYzvSR16jKbtB6xA,https://www.google.com/search?udm=28&q=Fashion+Nova+Women%27s+Raise+The+Bar+Skinny+Trousers
Fashion Nova Women's She's A Keeper Cargo Pants,$31.99,women,https://encrypted-tbn2.gstatic.com/shopping?q=tbn:ANd9GcS2uWHWBjudwyzc_1vvDzk4pVDb7LwuJzwaftoe6CT8ID-T7KLE_YeIwQC9yYVcRoa6KLzSglwX7fBZ3y0PLnyLb0LyCm-3Ai8gmnUxspTLZcD3zerc1UPaZIg,https://www.google.com/search?udm=28&q=Fashion+Nova+Women%27s+She%27s+A+Keeper+Cargo+Pants
Fashion Nova Women's Tall Victoria High-Waisted Dress Pants,$20.00,women,https://encrypted-tbn3.gstatic.com/shopping?q=tbn:ANd9GcSHY--DqNTUJYKJwkIzLvSV9ea67Z9Pd_hU7QTgnm2qubzhOQMStu9GVHYOrDVD9-TuHQ7r2pxxijRqTpxPrVxNmr7ug0lA25SVznwzLO9J0hrMWm1X_5ebRw,https://www.google.com/search?udm=28&q=Fashion+Nova+Women%27s+Tall+Victoria+High-Waisted+Dress+Pants
Free People Day's End Linen Pull-On Pants,$54.60,unknown,https://encrypted-tbn3.gstatic.com/shopping?q=tbn:ANd9GcTPpaZhNlaG6fYNdCm_AXWcepXvVy0EuALgWm-47DnSBXxyvFYZywErUqbcH9Sa-zzuAQ_g-se8IXmrEORk6TbWYt8iTrIOESl9F5ecxl4,https://www.google.com/search?udm=28&q=Free+People+Day%27s+End+Linen+Pull-On+Pants
Gap Women's Easy Wide-leg Pants,$89.95,women,https://encrypted-tbn2.gstatic.com/shopping?q=tbn:ANd9GcQ8Fq0aSlajZrkyhmtiCVejAKFSdP0WXL5WJyyenllzD7Qi9e-JKDnl4THN9eIyZ2EvtMS15IIuOsyd1zaXXz-JC9SzP50iLKoF7YqoKN-Zt3PVubwjB3Lt4Q,https://www.google.com/search?udm=28&q=Gap+Women%27s+Easy+Wide-leg+Pants
Gap Women's Heavyweight Straight Pants,$19.99,women,https://encrypted-tbn2.gstatic.com/shopping?q=tbn:ANd9GcQ6NVSDX57muCzTue-a3F5Hvl7iwLMlSzQHcCJM0MuqlD79ZmIxEvC1EAwYrUYMNu7audRBWw4jCiFMivH12p_p6bodRhIZO0KjSmJs7SSwNTstP4t0KRdDBg,https://www.google.com/search?udm=28&q=Gap+Women%27s+Heavyweight+Straight+Pants
Gap Women's Mid Rise Twill Barrel Pants,$71.00,women,https://encrypted-tbn2.gstatic.com/shopping?q=tbn:ANd9GcSSGoNUE0n_Yc8rIxP3-p8XcAN1T1R5bq7PE4qlXE0bo2ZNrF7VExeJSqjXFmgBufsmhmYpqphSJD2ELR-2U-kDLJ7c4fVAG27bSV7gkMlSWO48Qjoxdnlq_AI,https://www.google.com/search?udm=28&q=Gap+Women%27s+Mid+Rise+Twill+Barrel+Pants
Gap Women's Relaxed Straight Linen-Blend Ankle Pants,$71.00,women,https://encrypted-tbn1.gstatic.com/shopping?q=tbn:ANd9GcQPZ68Sk_GIx0yfuJd6GO7rIwWOVzKHPiOnkSFZKp3TzZ5BKWTuM824xjvn1YzhV8eM7cp4l8pOlMKL2XVjFq3tNHiAuRZbODiOZ4cwVr2IjLobt6edHBjOvw,https://www.google.com/search?udm=28&q=Gap+Women%27s+Relaxed+Straight+Linen-Blend+Ankle+Pants
Gramicci Gadget Pant Men,$115.00,men,https://encrypted-tbn2.gstatic.com/shopping?q=tbn:ANd9GcSrOlj_UDxAF-l5ro90oOGwsy95s2SAGYHc27TaEcWaU_9HUxqEwIL3HME6gPm-N5L_PzCf8HboadOKfwVzFOBILRjqToMIYGtnIFWMdgdibcIbTTH8yVK7,https://gramicci.com/collections/mens-pants
H&M Ladies Ankle-Length Pants,$29.99,women,https://encrypted-tbn3.gstatic.com/shopping?q=tbn:ANd9GcQo3OB254FPiJz-9cl3CegxcAH0OU17fodw5WQN3supYstzqs1wHFpyi-l5eBtVAvqZvE_g_vWY9gkqdA9a_1uG2y4w_x2ZzHZXXpZ80vzdsc1bXEI-jdfCWQ,https://www.google.com/search?udm=28&q=H%26M+Ladies+Ankle-Length+Pants
H&M Ladies Wide-Cut Pull-On Pants,$19.99,women,https://encrypted-tbn3.gstatic.com/shopping?q=tbn:ANd9GcTf8lhLexXW1mvuRQiuj0iCNbltdtyQc9c7xFxZJM5lIDjs5tg4oxWaLaSnVzHLyGkU05Cfh6yzjONjh1ZXJPsMZ3YWEL5w-nqZVAn7GHm-PwORbIN2Bt6B,https://www.google.com/search?udm=28&q=H%26M+Ladies+Wide-Cut+Pull-On+Pants
H&M Ladies Wide-leg Jersey Pants,$19.99,women,https://encrypted-tbn1.gstatic.com/shopping?q=tbn:ANd9GcQ94kzwovVo0uIgvFkWeNQZqVBk07mknQeuI8mlSi5-oLhp65jSlwW6ynfodGHdwxm2on0k_nNYB_fXSWMY18tT6qeRvLUDSJfizVs3IhJgWmhhjWB2LXDilg,https://www.google.com/search?udm=28&q=H%26M+Ladies+Wide-leg+Jersey+Pants
H&M Ladies Wide-leg Pants,$24.99,women,https://encrypted-tbn3.gstatic.com/shopping?q=tbn:ANd9GcRSb-Z3lef_nRgBhFplfAbizW9EySmUQgRuqpRP6wsEpkBLoQApk4Bdqiw9lR--otMb9TtaIhmnnpm_9MCgzARcT3CO4_9yTikhuAQC9mkzPzl7Exk8zpgGZg,https://www.google.com/search?udm=28&q=H%26M+Ladies+Wide-leg+Pants
H&M Ladies Wide-Leg Pull-On Pants,$19.99,women,https://encrypted-tbn0.gstatic.com/shopping?q=tbn:ANd9GcQPWklNbdZqith8oCJ3-rkUCRSvMKD89MoBSJ4N_j7OIqIF26bem1grIxqxHtRby8nq6LnklvoGf3Uwbdy32WXE69hTxChceRHVyMlYwyl1xbZBqsBasthaYg,https://www.google.com/search?udm=28&q=H%26M+Ladies+Wide-Leg+Pull-On+Pants
H&M Men's Loose-Fit Tailored Pants,$49.99,men,https://encrypted-tbn3.gstatic.com/shopping?q=tbn:ANd9GcQm8I-4muA9feIi7ruVEW6UiYeEIOs8qaRW8HVTMg6qjdTxLcG6mbZFjo5bjSvzhAh_oj_0zPf69zt0ktzHHp-YpN69tqMjsKXHc11UJrdGMuGMY-DMzxX0fQ,https://www.google.com/search?udm=28&q=H%26M+Men%27s+Loose-Fit+Tailored+Pants
H&M Men's Slim-Fit Suit Pants,$44.99,men,https://encrypted-tbn0.gstatic.com/shopping?q=tbn:ANd9GcQIePWr5aZeZHC8zCObqtw4T0UHnyLsM-mslU9kX2PPdVBjQQHyRKyPFIEDu-r4zPtDjdWthtsIpPyiwnN4UYJW68M2Qm9PWl_19ZVGjUMW4OcHmDQ2Md1BNg,https://www.google.com/search?udm=28&q=H%26M+Men%27s+Slim-Fit+Suit+Pants
Halara Halara Flex High Waisted Pocket Wide Leg Waffle Work Pants - Mink Ash - S(regular) sweatpants jogger pants stacked sweatpants,$40,unknown,https://encrypted-tbn2.gstatic.com/shopping?q=tbn:ANd9GcRq2mAeY18mlqsq53lZuX1i2kSheZPYs6K4NYqt40uEH7_GargKYSDutKvt4DK8Ec7LgJRltv4cGC-mNeZdb8hciH1P71E3tqkE2v8kBlGjmHMITiezf6E7pAT9pAQUZxtFPtezoQ&usqp=CAc,https://www.halara.com/products/high-waisted-plicated-side-pocket-wide-leg-solid-palazzo-waffle-casual-pants?variant=44516458987686&locale=en
J.Crew Women's Natalia Four-Season Stretch Pants,$158.00,women,https://encrypted-tbn2.gstatic.com/shopping?q=tbn:ANd9GcTdrnku39lcfr0FHZN1_J_yuHwvBXFd-upEbgxrGVQK-WDoxFjCb0AuGUJgb0mRApr0eDWsGPMP5vUxFt4x8mBc2BksbFY6Fvy0l4pxzy36kVKBB3TGjxL9XUA,https://www.google.com/search?udm=28&q=J.Crew+Women%27s+Natalia+Four-Season+Stretch+Pants
J.Crew Women's Wide-leg Jamie Pants,$69.50,women,https://encrypted-tbn3.gstatic.com/shopping?q=tbn:ANd9GcQbytmzRH45UiZwhztfd7kKDwCRuoV3fKuvTK59ZZgG7gRHn0gmcsFPCkBwM_pkUp0ni-DJ9rOVQHnKkE-70351eKy-o459GZ2K1LjD4ebC8VBBGCJCIpdJ,https://www.google.com/search?udm=28&q=J.Crew+Women%27s+Wide-leg+Jamie+Pants
Jetty Windrift Twill Pants,$49.00,unknown,https://encrypted-tbn0.gstatic.com/shopping?q=tbn:ANd9GcTbzGB5LS6QGgcLYXrbHvDnEhRsIz39ahg33NTOno4cUjXtCxXuWg-w9mTvgp2uhN20ONXNyORrAw7z6kvzNny9zudQRhEPp08qNcrF0Zn4-wjTYQ5Y-KkzkQ,https://www.google.com/search?udm=28&q=Jetty+Windrift+Twill+Pants
JLUXLABEL Clara Wide Leg Pleated Trousers,$98.00,unknown,,https://www.google.com/search?udm=28&q=JLUXLABEL+Clara+Wide+Leg+Pleated+Trousers
KUHL Men's Radikl Pants,$119.00,men,https://encrypted-tbn3.gstatic.com/shopping?q=tbn:ANd9GcRAq5MJIbLgN9SEN5GJTlHmdnX3feYF3koCaPWJiUaOALLVDPRtDVHVjIVkfvQxmpAg1ylddSqz_W6O_B7a6z4rW2b-D499LWvJkCLNrSgoWTGgdZI7yThF,https://www.kuhl.com/kuhl/mens/pants/
L.L.Bean Women's High-Rise Wide-Leg Synthetic Pants,$89.95,women,https://encrypted-tbn0.gstatic.com/shopping?q=tbn:ANd9GcRCMvNr2RODeWrMF6XpJwA8LCmzn5RDAbIPQLSDHvvL4jIhrhGO-20AZiH7uIcjuPj_81vM3-cbZASrMcQZjkc3l6TlchcXewf1OCWKrK8rHDWrpkXRm7040Q,https://www.google.com/search?udm=28&q=L.L.Bean+Women%27s+High-Rise+Wide-Leg+Synthetic+Pants
L.L.Bean Women's Perfect Fit Straight-Leg Cotton Pants,$64.95,women,https://encrypted-tbn0.gstatic.com/shopping?q=tbn:ANd9GcSGBe_lHI-i4R9MvhxmGSeKS0vhevCo5kQA3GXRSkApR_DlDPlFbWJdmMrpaGLOGWwImKoY-Mud3vIQjVJm5c_HKGLKwsdyteMh78VnTu9f,https://www.google.com/search?udm=28&q=L.L.Bean+Women%27s+Perfect+Fit+Straight-Leg+Cotton+Pants
Ladies H&M Dark Straight-Leg Pants,$24.99,women,https://encrypted-tbn0.gstatic.com/shopping?q=tbn:ANd9GcSEv4SIb7sr01CadeJhokBdttSd-8EQ_WxssXm6TZI2WZGrG0Y37M6ZjJY5GybP55hnvz2X8AOIfnYXTjoOUcjD5ID8qO8wzzwvM8dBc1eF6q0EHp78lTZFww,https://www.google.com/search?udm=28&q=Ladies+H%26M+Dark+Straight-Leg+Pants
Lee Men's Regular Straight Twill Pants,$31.92,men,https://encrypted-tbn0.gstatic.com/shopping?q=tbn:ANd9GcS5kKYDMQmWl7j-Ty7qXo26PcgiLeiUrpMptwkaaUdGObiJIHv0MNuAvWJuTOw2uxlkw1Byf_Yj0IG4PCHzd8UVzahdyMKp7eS3s6-v_8JxTsz_DrWH4_BNDJ5w,https://www.google.com/search?udm=28&q=Lee+Men%27s+Regular+Straight+Twill+Pants
Lee Women's Flex Motion Regular Fit Trouser Pants,$36.90,women,https://encrypted-tbn0.gstatic.com/shopping?q=tbn:ANd9GcRjtgWUmBE9tBeoe7Vbj4rylUKBiuYZ743z0OeO51DJdmATTY9QRVznWQKwhu_QNZ4CgZBQbFqyEdtDO6Kf6UvPW1WPwiKQqXe-NwCKE-lJgNXNZAoUQVGq,https://www.google.com/search?udm=28&q=Lee+Women%27s+Flex+Motion+Regular+Fit+Trouser+Pants
LINDEN Scimitar Sweatpants Black GREY / L 5'8-6'1,$40.00,unknown,https://encrypted-tbn2.gstatic.com/shopping?q=tbn:ANd9GcQa1gqXnJ8iy4iwLokYPzltHOuFkTBH2qE_kJ3Si2ILKUketH1ezaRspWK0z6BQIF3HLZt_ZuUt-fBWO42u38qiZwRgMowrBN8FufhMwPG0eRS_mfw5HK2W-eKOaelQrtNQTnV_UJLB&usqp=CAc,https://woolenmaker.com/products/linden-scimitar-sweatpants-black?variant=50642304467255&country=US&currency=USD&utm_medium=product_sync&utm_source=google&utm_content=sag_organic&utm_campaign=sag_organic
Loft Women's Darted Stretch Cotton Pants,$24.94,women,https://encrypted-tbn3.gstatic.com/shopping?q=tbn:ANd9GcQwABdGncwhDgblbGT5qLeC2f6tpAHgxYJJEefkcW7qR92wwnritE8N4G5tigNdEXVzdQfXIWvDxYfGZZmlAyq5dHOGGuuQC0d8Q0su86yI78xbmhm9OdhjaA,https://www.google.com/search?udm=28&q=Loft+Women%27s+Darted+Stretch+Cotton+Pants
Loft Women's Monroe Slim Chino Pants,$30.00,women,https://encrypted-tbn3.gstatic.com/shopping?q=tbn:ANd9GcRnd1KGs83y6CwUDYnRAb_JC64WYcHj6HvO5O5nvn9kP6j3WwIgSsBHrOJaf1DDkWxQYtpCJKsCzMC_T4zjwUMrIdUg-lYv7jcy9d_bRTyJrEs6OM4tdkoc6A,https://www.google.com/search?udm=28&q=Loft+Women%27s+Monroe+Slim+Chino+Pants
Loft Women's Palmer Wide Leg Twill Pants,$37.49,women,https://encrypted-tbn3.gstatic.com/shopping?q=tbn:ANd9GcQpBuGbXrB-FMEgUwFT4E0KqsnDT60VGn7c39TbLhHOF0CS0mPkd4ieAAkvpMm88upU8ABQuVQWF_D5a0ZnMm24_d2SPpUu8AEuuFF2g6A_f_ybqCq0Q8su10I,https://www.google.com/search?udm=28&q=Loft+Women%27s+Palmer+Wide+Leg+Twill+Pants
Loft Women's Parker Twill Pants,$44.97,women,https://encrypted-tbn3.gstatic.com/shopping?q=tbn:ANd9GcRH0ODBlLZ7IQcSFkHDgM9NkVK-CwBuBr_yu9r__jViojlh9v22OdApiTQ5jemHtbJ6mfaGZs4DFZKzZLJHVdY4z3NuBrXVJg,https://www.google.com/search?udm=28&q=Loft+Women%27s+Parker+Twill+Pants
Loft Women's Riviera Slim Pants in Doubleweave,$44.97,women,https://encrypted-tbn0.gstatic.com/shopping?q=tbn:ANd9GcR83aXOBf7yJ4AycBy0hY1PBz8GuPB-NsZTIYrz7PzCnJDMLG-kDOu0Sy2-kqCdBkCQ30xkhACnCXXg0IZIYKjtI49pzR0YrHHER4RGcIUCT398Jnb-ihEFbW8,https://www.google.com/search?udm=28&q=Loft+Women%27s+Riviera+Slim+Pants+in+Doubleweave
Loft Women's Tab Waist Wide Leg Twill Pants,$39.99,women,https://encrypted-tbn2.gstatic.com/shopping?q=tbn:ANd9GcQau8e4UWS5e8Ej3TTmy8sMteKXyzMzg0e5r7kkGKVt6KBZH9biWkkmwBI5OCV-Uqyh5n3ZPO71kGw_WQb_Xvg_oaA1rHqBqlcrC7anxGX7Kz-BdUwYSIfNBq8,https://www.google.com/search?udm=28&q=Loft+Women%27s+Tab+Waist+Wide+Leg+Twill+Pants
Loft Women's Tall Monroe Slim Chino Pants,$22.44,women,https://encrypted-tbn1.gstatic.com/shopping?q=tbn:ANd9GcTVwSfYQ212M7IihKhPNUAG9dPseLryGTJO7stfnRwttfCyOatj9jPm8Cs-LEwp3UsGcAnfw_8uJZDCq1enYFPii60942ajIc-2L3o73c7yZbk1W0HQjHgHjg,https://www.google.com/search?udm=28&q=Loft+Women%27s+Tall+Monroe+Slim+Chino+Pants
Love Story Oversized Sweat Pants,$70.00,unknown,https://encrypted-tbn0.gstatic.com/shopping?q=tbn:ANd9GcRi5CWkuRl2r4k5MC_B1JcLsziX6bOzYUEpE8BPoE9THmm4LtXuIWA89m_5TVFgkVsqObDAd3HN72UvscDvflcQOJgajXQPqwMULrY073Vp2U-RGELtWKzBNA,https://www.google.com/search?udm=28&q=Love+Story+Oversized+Sweat+Pants
lululemon ABC Classic-Fit Trouser 32L Warpstreme - Size 34 - True Navy,$138.00,unknown,https://encrypted-tbn1.gstatic.com/shopping?q=tbn:ANd9GcQ-_Vl5dWar3T3KsR6yNZp1H3bycTzlhis5OtOMeti9hbr8928dfQGHOH6ifaN2xmgTeXh22ywKGbiT8uvh73KgzLlWox6DBRM5Oh7I2Xw5qjJgjahCQJzVITiCwrzyyZU5ZZrXIIE&usqp=CAc,https://shop.lululemon.com/p/mens-trousers/ABC-Classic-Fit-Trouser-32-Warpstreme/_/prod11500061?color=31382&locale=en_US&sl=US&sz=34
lululemon ABC Slim-Fit 5 Pocket Pant 34L Warpstreme - Size 30 - Army Green,$64.00,unknown,https://encrypted-tbn2.gstatic.com/shopping?q=tbn:ANd9GcQa9J39hkMAZ2tfRGHVoulhnLDmxx6cGgOzSMwTd5OyJ-Srtru5XGRRbG7l1fXPK7iA1GWv6tEAgLlanifqS63NtS2AM7Im71AITbnicUB69YGI1uqSeBtH1w&usqp=CAc,https://shop.lululemon.com/p/mens-trousers/Abc-Slim-5-Pocket-34-MD/_/prod10880035?color=45739&locale=en_US&sl=US&sz=30
"Lululemon Align High-Rise 25"" Pants",$98.00,unknown,https://encrypted-tbn2.gstatic.com/shopping?q=tbn:ANd9GcTm7MZNQ0jEXwbQrLJBVIR1zf-Sj4wHcfu80zGxZ7F5Py7Ww9YVioahFMSeqv5QPpCFnAx_HNJr6C0QGnS6gMsbUJtdLWIQ6O9JrSSpu8CntMyqdOMVqYkj,https://shop.lululemon.com/p/mens-trousers/ABC-Classic-Fit-Trouser-32-Warpstreme/_/prod11500061?color=31382&locale=en_US&sl=US&sz=34
lululemon Daydrift High-Rise Straight-Leg Trouser Regular,$148.00,unknown,https://encrypted-tbn0.gstatic.com/shopping?q=tbn:ANd9GcT0N9W1HAcmaydHyWZUA9MOnavcJBStp3RU_DfFYcqcjfuJcAOUUVyu_bJzkGriTFByQSEcn5syTjh9BQoWOZnSgQBUCu_Q8t87b0RPRG9sjzw9gIRJP4faEA,https://shop.lululemon.com/p/mens-trousers/ABC-Classic-Fit-Trouser-32-Warpstreme/_/prod11500061?color=31382&locale=en_US&sl=US&sz=34
lululemon Daydrift Relaxed-Fit Pleated Trouser Regular - Size XL - True Navy,$148.00,unknown,https://encrypted-tbn1.gstatic.com/shopping?q=tbn:ANd9GcTnF0BmUhyKiMpKxZqjbaqEMyvgMauQYdssP6rCBvN7eW77Sc-d9Q2ruHwSPyGfQFu-zPdkTgNFdLIOAmKP9Ta7TgRA2mqCxUEorJ1-YTx_yLKntcT8sMti08CFNXKmUlQlEPIHEzs&usqp=CAc,https://shop.lululemon.com/p/mens-trousers/Mens-Daydrift-Relaxed-Fit-Pleated-Trouser-Regular/_/prod20000427?color=31382&locale=en_US&sl=US&sz=XL
lululemon EasyFive Loose-Straight Pant 30L - Size 34 - Light Ivory,$148.00,unknown,https://encrypted-tbn2.gstatic.com/shopping?q=tbn:ANd9GcSM725R2s6QfqyDvC3WRLekFqRWy8z4IyVLjj2LaMUsTcNfg73I-rAFF2ZcknTqetKP7YI6gLZ8Sh-K9bwaZDz3zd9X2kFaH5OiXxPwdrVHTqr3tXyXdAfGhCNbfhrC3b28jjG7EOA&usqp=CAc,https://shop.lululemon.com/p/easyfive-loose-straight-pant-30l/dfao6xox1b?color=33454&locale=en_US&sl=US&sz=34
"lululemon Leggings - Align High-Rise Pant 28"" - Size 18 - Black",$98.00,unknown,https://encrypted-tbn1.gstatic.com/shopping?q=tbn:ANd9GcRy5dYk-oBKSc2wOSVJk3lB8vqv7QsGK3Aq2aomz30z4jjVTndsdcMhzF9Rk2ZAiwR5ROEWsb5696Od34Gq7m4cz10ocQDaJ4Uki17WbHdQWHjt7YE_VG6v,https://shop.lululemon.com/p/mens-trousers/ABC-Classic-Fit-Trouser-32-Warpstreme/_/prod11500061?color=31382&locale=en_US&sl=US&sz=34
lululemon Oversized Utilitech Twill Pant 32L - Size 40 - Black,$69.00,unknown,https://encrypted-tbn2.gstatic.com/shopping?q=tbn:ANd9GcQB6wwaMp8t_ql_dSppN0JDExqh5Sz76UMzoWBvZVIgwK6S8W4yJwEkBojYzxA0aXOnbPO7W1v74nGh4dXLU2gPZaW7pcX_JHNxF85XQ9yaHmA59LKig2nIhETQeOQU2sI__G0GxQ&usqp=CAc,https://shop.lululemon.com/p/mens-trousers/Oversized-Utilitech-Twill-Pant-32L-MD/_/prod11860294?color=0001&locale=en_US&sl=US&sz=40
lululemon Pace Breaker Jogger Regular - Size S - Steel Blue,$128.00,unknown,https://encrypted-tbn0.gstatic.com/shopping?q=tbn:ANd9GcSUa3hiIf356FYEEBPxn_Gjs5OQkv6YodYef-KXmTHyzIvkLeIOr3CIuq8-eel3ekKHWMvAbavBMzPv5nefxx9Cv-PL4UIc8P5on6dtncJDcWwp_tjSSgMGTZS2mU0aRNcQQBMhMw&usqp=CAc,https://shop.lululemon.com/p/men-joggers/Pace-Breaker-Jogger/_/prod11750072?color=1179&locale=en_US&sl=US&sz=S
lululemon Stretch Knit Straight-Leg Pull-On Pant,$69.00,unknown,https://encrypted-tbn0.gstatic.com/shopping?q=tbn:ANd9GcS7z5-QJAzlxR25kdbb45ldNJeZkCDoHycvNgHeWu7SnVOazwTSQ7B3FWJJmN_jm26uLo8GfB3ljcSRaymQNTACJ9d66xLWNVyzUgg1zIN157DneQdN28_dRg,https://shop.lululemon.com/p/mens-trousers/ABC-Classic-Fit-Trouser-32-Warpstreme/_/prod11500061?color=31382&locale=en_US&sl=US&sz=34
Madewell Barrel-Leg Pants in Drapey Twill,$118.00,unknown,https://encrypted-tbn0.gstatic.com/shopping?q=tbn:ANd9GcQWjRd79xYEIzzjHZX3egRnYMH4KYRNggXsZ-nc4pvXagY8jvnRb-wrTIZcObPVtPu18Vq3pp43yDlQLc92U13stiUvqVhVbuqkGAfA9SAYTytN3nT-yoICEDc,https://www.google.com/search?udm=28&q=Madewell+Barrel-Leg+Pants+in+Drapey+Twill
Madewell The Allday 1991 Straight-Leg Pants,$138.00,unknown,https://encrypted-tbn2.gstatic.com/shopping?q=tbn:ANd9GcQ5yedt5JcjiOD_CI_MGruPk2qnvUS8jl9ReNNMkfM5LbN4KbrdSW998r9xGAf84unI-0iz_K4FDrc60k-R-mF7qS7oLdVb6JeWaG2btKyoP3M9jR-DSLmgJT8,https://www.google.com/search?udm=28&q=Madewell+The+Allday+1991+Straight-Leg+Pants
Madewell Women's Signature Trouser Pants,$99.99,women,https://encrypted-tbn0.gstatic.com/shopping?q=tbn:ANd9GcRtei05mqixXY0pqUcepuGUMMhyYnMy992ePASVMnhKmzQ8IPkeiz_YHNxGwekK0ndP3T6iNA74XLcgApZjsr7gYEMXh98gIqgQtTId37--zSGyGqxKCET63A,https://www.google.com/search?udm=28&q=Madewell+Women%27s+Signature+Trouser+Pants
Madewell Women's Wide-leg Twill Pants,$79.99,women,https://encrypted-tbn2.gstatic.com/shopping?q=tbn:ANd9GcQVG-m3LL055lcwvVxr-DnHodmR-wNJeuXzbhAq-kB6Ec9YIZD4ugVKA7EXtW8Ia1ZHfNTfZtOfYjhCoT8kPlVXaMlNsJbKw_oMgNHEItyhR9anphNNBAjU3bw,https://www.google.com/search?udm=28&q=Madewell+Women%27s+Wide-leg+Twill+Pants
Man Zara Relaxed Fit Pleated Pants,$79.90,unknown,https://encrypted-tbn2.gstatic.com/shopping?q=tbn:ANd9GcSrMv_K2zqZsnaDw3SaV9Idwbnd41ADpdU3iNPxcS2tmeJ6dVHef88REYFy7m7R3TDzso8A1ZsJ1v6AnI6uVq8N_gvs3e_ob97K7-Fb7BM81VxJCLBZwZKbAg,https://www.google.com/search?udm=28&q=Man+Zara+Relaxed+Fit+Pleated+Pants
MANGO Wide Leg Suit Trousers,$59.99,unknown,,https://www.google.com/search?udm=28&q=MANGO+Wide+Leg+Suit+Trousers
Men's Fashion Nova The Modern Stretch Slim Trouser,$25.00,men,https://encrypted-tbn1.gstatic.com/shopping?q=tbn:ANd9GcQSBztxBWrGXm_4oHWlRo1uqbDKd6YCg1nrOB7OMge3wihNGQZ42LNqn1WQFEKSoAWwjCIAKmuAGFAMYkkpFxttpH8TEIHlHyek7Hjlv8p5kGqdjnw6ziBT,https://www.google.com/search?udm=28&q=Men%27s+Fashion+Nova+The+Modern+Stretch+Slim+Trouser
Men's Pleated Wide Pants | Beige | Large | UNIQLO US,$59.90,men,https://encrypted-tbn3.gstatic.com/shopping?q=tbn:ANd9GcRRQTjwbw8RezCiUOj0q1uYsIXpzBDM_u3eBTHoD0TFfeyZuwcVX1noijiJUiTy3-Fdp9bd_Ft2J_8_vYayUjirtNpYdYVL98R4aBjRelBZkhJjMjhQN8YTUzo0KsY1VL8v2roLKJ06&usqp=CAc,https://www.uniqlo.com/us/en/products/E462197-000/00?colorDisplayCode=32&sizeDisplayCode=005
"Men's prAna Campfire Cord Pant in Blue, Size 33",$99,men,https://encrypted-tbn3.gstatic.com/shopping?q=tbn:ANd9GcTH7fwYXFpqs4NbIjwiUxxtTWPYeZZG-j-kIhLbl8jQ7kbwZOs8z7cfMxsSQZ3_3GyUVSI84_m8kChi8RUvbnnxvmYozf51vdzGX49049fDo4qAmhBeQzIMswU&usqp=CAc,https://www.prana.com/p/campfire-cord-pant/1973801.html?dwvar_1973801_color=Stormy%20Night&dwvar_1973801_size=33&dwvar_1973801_dimension=34
"Men's ProTech Golf Pants in Midnight Black, Size 38X34, 100% Polyester by Quince",$49.90,men,https://encrypted-tbn3.gstatic.com/shopping?q=tbn:ANd9GcQigW0f859RP7VtiAH7B3QFWGQvivAz-SitobAUnXrFcIKdfm1IrQfjTrgy84rqk4aDwrd1l00g9g_TicNR6SL4wJmC-8fW9oQVRhiac-1nE61wrb8mrXym&usqp=CAc,https://www.quince.com/men/protech-golf-pants?color=midnight-black&size=38x34
Men's Slim Lived-In Chino Light Coffee Bean Regular Size 34W,$47.50,men,https://encrypted-tbn1.gstatic.com/shopping?q=tbn:ANd9GcQ_bh6eA_zuDK7J-bKLd22lYmYKwO1-pCW_8kx0Cn4te65LBLi39vT3jkIxkInjRDapl76LnZKXFl55hh2FipUKvXGE8_V6qyKM3NRRxoFOEGrOdcbT95HK&usqp=CAc,https://bananarepublicfactory.gapfactory.com/browse/product.do?pid=400008121&vid=1&tid=bfns000001
Men's Vertx Phantom Flex OPS Pants,$87.99,men,https://encrypted-tbn1.gstatic.com/shopping?q=tbn:ANd9GcTEYWslGSkI8zjhWWCOze5sObztqzjRSlYXlngDjHpcwqMqC7SJ-lZjJGdZFOKwBkScUG99784pa5yijBmBP7488Ekuc90TThovDFFIeKhqYihY9X5A6d1T,https://www.google.com/search?udm=28&q=Men%27s+Vertx+Phantom+Flex+OPS+Pants
Micas Women's Y2k Baggy Loose Fit Ruffle Trousers,$60.00,women,,https://www.google.com/search?udm=28&q=Micas+Women%27s+Y2k+Baggy+Loose+Fit+Ruffle+Trousers
Nike Men's Club Cuffed Brushed Fleece Pants,$52.00,men,https://encrypted-tbn1.gstatic.com/shopping?q=tbn:ANd9GcTEwzI-JwKdAELMAwEn6VHF6fURCDF3CEwjYyBRlCiCKplKq9wmgtpgVRCJJoePH85HgXC-E2nKuDw3GX_wrrXdassrkqc2xciC5x96fYGUjJFqbBi5yXJw,https://www.google.com/search?udm=28&q=Nike+Men%27s+Club+Cuffed+Brushed+Fleece+Pants
Nili Lotan Women's Rivers Wool Wide-Leg Pants,$650.00,women,https://encrypted-tbn3.gstatic.com/shopping?q=tbn:ANd9GcSb9pZ5KDRWWtjrpXIh9kSkcfjYuYveTtExEMmAA8Ere4cV-vHVsg6wK_2l1BCBrvOtrIpq39SCBOKbRf5_LFwd95_JwcoNSSGf2pCCI8qE_opfLLgbBRKqYg,https://www.google.com/search?udm=28&q=Nili+Lotan+Women%27s+Rivers+Wool+Wide-Leg+Pants
notPERFECTLINEN High Waist Cropped Linen Pants,$112.00,unknown,https://encrypted-tbn1.gstatic.com/shopping?q=tbn:ANd9GcRZsrKpGCjDZPaDP3iiw6QwT6RFxdxd1MgaZ_7kapwwaoMJSQ8eWZTWzrzOUkcgqLUSN0WwWXV1IFcT0aFDEzZ8hvz1v3dyRGP_39CLkY1OVTuyad1VDVddpw,https://notperfectlinen.com/collections/linen-clothing-women
OFFLINE By Aerie The Hugger Trouser Women's,$56.21,women,https://encrypted-tbn2.gstatic.com/shopping?q=tbn:ANd9GcSGzNjLwLFIlwdaqT6BtHpbu_Plwe0c4WRYaTcHCjoMQ_Y-S-82Wiqu3JYGAKVjFwf0HprXBPY57f_yel78GXm3gYHD0gWQU6h1STQGGG2fBwrKJlBO5fpYag,https://www.google.com/search?udm=28&q=OFFLINE+By+Aerie+The+Hugger+Trouser+Women%27s
Offnir Men's Wool Trousers,$84.00,men,https://encrypted-tbn2.gstatic.com/shopping?q=tbn:ANd9GcRG4fyn67C7mpuusCE7Bh1uVT9HxzU6cfsauxc6U81c_Y3ZnrJdsof85sSorY2kmOfpWvxzgUx4LxR77Jf6-bNdm6yZVz0C,https://www.google.com/search?udm=28&q=Offnir+Men%27s+Wool+Trousers
Old Navy Men's Baggy Built-In Flex Rotation Chino Pants - Beige - Size 33W x 32L,$50,men,https://encrypted-tbn0.gstatic.com/shopping?q=tbn:ANd9GcTu2QbObhuRDwDp-zo3suZJuc6p8VeF9U-X-eiLfJvVe8Oga08D1agslyG2A0dUUveabL9b-701Rlo4Wef6iqAx-JodUdWLCKEBlxZbD2alU8RvTUV3mvvBPooSRygA_SJZRcBHQM4&usqp=CAc,https://oldnavy.gap.com/browse/product.do?pid=873608002&vid=1&tid=onns000009
Old Navy Men's Refined Tailored Cargo Pants,$24.99,men,https://encrypted-tbn0.gstatic.com/shopping?q=tbn:ANd9GcSgru1rnkATmuynSkiLEdea26peWYr-rIFeHDWssj6ICO8d418laJ0cQSW4PYMFT6U8hRoYfsjpNoN7bTxJAus1vmjS1S4VoFiAcBUyY0I7fKBlZrce6m1VUA,https://oldnavy.gap.com/browse/product.do?pid=873608002&vid=1&tid=onns000009
Old Navy Women's Extra High-Waisted Drapey Pants,$30.00,women,https://encrypted-tbn0.gstatic.com/shopping?q=tbn:ANd9GcSOuF5lOG-nMWixy4p1o2Zy1HlE5dOLsqmQrcxQx2-ihF0rRzBzETnF2NrPWBpnEY6KDZsMlTwIpIH6q7yq2_JinCKT6b73h0snJ0F_JKoiEh0t8jAgl9Ol9A,https://oldnavy.gap.com/browse/product.do?pid=873608002&vid=1&tid=onns000009
Old Navy Women's Extra High-Waisted Taylor Wide-Leg Pants,$40.00,women,https://encrypted-tbn1.gstatic.com/shopping?q=tbn:ANd9GcSqS8pBUbO8PZDQYORctHgN3IwpLp5ZCJHfhUSRIdcXPxpOhOW09KKDkwI7H9UaIgxy0sZqDFj3J_c0bAnnek4_ISoqIdz6XplzuOtHn0370apNU5hiY1v1Vg,https://oldnavy.gap.com/browse/product.do?pid=873608002&vid=1&tid=onns000009
Old Navy Women's High-Waisted Barrel Ankle Pants,$15.99,women,https://encrypted-tbn0.gstatic.com/shopping?q=tbn:ANd9GcQk6MQrBqg6y7guyErTGLZZ8s6E5Su-WdpkpOvylGARRCgh82hlFDpdLeL8qUPvzCvrKz83TRzRA08TShariQ1mBqlyzoifEotjLxg8iyG8-zo5tJ3xuaI4rG0,https://oldnavy.gap.com/browse/product.do?pid=873608002&vid=1&tid=onns000009
Old Navy Women's High-Waisted Billie Straight Ankle Trouser,$20.00,women,https://encrypted-tbn0.gstatic.com/shopping?q=tbn:ANd9GcTOlZHWBzrES6fxzqzfG9GVGRfKIrkqaBtLe0WImyrse-kw-lpJMiW1lhblfdayDZEVACwqFee0sBk8pEIHx-BQTt1voo5HdxulvVGnpz8UrJ7NfqUrzCHd1Q,https://oldnavy.gap.com/browse/product.do?pid=873608002&vid=1&tid=onns000009
Old Navy Women's High-Waisted Linen-Blend Pants,$32.00,women,https://encrypted-tbn2.gstatic.com/shopping?q=tbn:ANd9GcThI_ePoIXKnBlY-TJ4LNrC9fEk1l6QmEWvbTgk_kwjLmMKQdjfzVekyQMRSypzwtR4-MCcf0MgekwiayqMB8E_WbOU0Q-AnEHT1cpL6YHivR8qn3j3d4eaoA,https://oldnavy.gap.com/browse/product.do?pid=873608002&vid=1&tid=onns000009
Old Navy Women's High-Waisted Linen-Blend Straight Ankle Pants,$32.00,women,https://encrypted-tbn3.gstatic.com/shopping?q=tbn:ANd9GcSjCvLFnYxHVRc2Cny-2KX5aARGWvtVsuXyoelzvwOEiQXvO4ONC6ExDTQBUpHZyZBW8la7wupHukaU9m2mE5eAl1uawhfMj3IWIaXqo2eaPiSRyMYbR9XIsg,https://oldnavy.gap.com/browse/product.do?pid=873608002&vid=1&tid=onns000009
Old Navy Women's High-Waisted Pixie Flare Pants,$35.00,women,https://encrypted-tbn2.gstatic.com/shopping?q=tbn:ANd9GcSkzAq4BHunU5fwwXX1gNnxncOSIv8umrAEjQd-t_4jga1zx4e7Yx5m3ShEb5wJNk1v0h1QFAFztrZ741KMh2oFUtMSiKbKO_GETYzGom_nf96EaQfSec7PqM0,https://oldnavy.gap.com/browse/product.do?pid=873608002&vid=1&tid=onns000009
Old Navy Women's High-Waisted Pixie Pants,$35.00,women,https://encrypted-tbn3.gstatic.com/shopping?q=tbn:ANd9GcScPQ8PMmz1gbi3gAc-fctReuffw2kNRcF-GRzaz-Z_e0y9NGezvGMQWMJ4j3lLKVzaFWiXarA_eHM32Tp81q6613lpVc1jrJmeE3jNAym4oTfxQBoVxwlEWas,https://oldnavy.gap.com/browse/product.do?pid=873608002&vid=1&tid=onns000009
Old Navy Women's High-Waisted Playa Wide-Leg Pants,$32.00,women,https://encrypted-tbn1.gstatic.com/shopping?q=tbn:ANd9GcRqH5grgonMRnzD6EquYmEn6Ac32O2OWnGEgPlSMDLi0FR_uCfTf1NzJC6Y3jl8sXS3ycstYH1a82_XNqQOurKsbiytCfmRBsaq0l17TuVexWnig50MvJXXKPs,https://oldnavy.gap.com/browse/product.do?pid=873608002&vid=1&tid=onns000009
Old Navy Women's High-Waisted Powerchill 7/8 Cotton Leggings,$13.00,women,https://encrypted-tbn0.gstatic.com/shopping?q=tbn:ANd9GcRRW-cAPNwtCImnEeqj2syH-PHASw7B8ezjNcihEcE_2zz9tFDhTS00eDrP0fx8nKlqmnvEN7ZmOnpXyKCjkqdcndz1-PxkaC_pg1Hnfc1x3gZpRK4R1FOm,https://oldnavy.gap.com/browse/product.do?pid=873608002&vid=1&tid=onns000009
Old Navy Women's High-Waisted Powersoft Trouser Pants,$24.99,women,https://encrypted-tbn0.gstatic.com/shopping?q=tbn:ANd9GcTwhlhr2wGkqZQUIo2_-u9Dux5gR-9hEDmt6XT45gIzEC8SpzDvUXDfXtoCWh-l0jOZR-V_xsR3OLJmMtl2mAkQ7jBd0WPzN9bA2g2ozqGg2cgWBEpXy-M6lA,https://oldnavy.gap.com/browse/product.do?pid=873608002&vid=1&tid=onns000009
Old Navy Women's High-Waisted Sleektech Trouser Pants,$30.00,women,https://encrypted-tbn2.gstatic.com/shopping?q=tbn:ANd9GcQBc0696-lvRNU17hYuM3PnolrxL2eMBsR5_j-AEoylmtKGPP7Wnf0LBz87Y6yyd1SvKCeH-qX5kHvZlKy1Xcl5AwKQ-G-OqPleTChN76_mH1GCIqDkB9QcpQ,https://oldnavy.gap.com/browse/product.do?pid=873608002&vid=1&tid=onns000009
Old Navy Women's High-Waisted Studiosmooth Wide-Leg Pants,$23.49,women,https://encrypted-tbn3.gstatic.com/shopping?q=tbn:ANd9GcQESdohQejf0d4liffnJ9MVTUin6r1F4nIHeAvKieqDsURdRNtU-z3DWM22bMfs4b_9yybWvUGKzpGBWAYPh2ohNj6iZK8RG5h1AhsVd94VXesX3ZsuHAWklQ,https://oldnavy.gap.com/browse/product.do?pid=873608002&vid=1&tid=onns000009
Old Navy Women's High-Waisted Utility Ankle Pants,$40.00,women,https://encrypted-tbn1.gstatic.com/shopping?q=tbn:ANd9GcTp0qDTF_zct0e2WX5GnQ4oQCMSF2mmWV9eAJOlZEBrAwJ3oCC12CcNyTTy7vCgLZXzJxmgdXgUQGWuldlrNnikW5ZH9xEIMegtfB5KYD4QLOBUIoY7nXjPlJ0,https://oldnavy.gap.com/browse/product.do?pid=873608002&vid=1&tid=onns000009
Old Navy Women's Lightweight Pull-On Parachute Pants,$24.00,women,https://encrypted-tbn3.gstatic.com/shopping?q=tbn:ANd9GcTegTG-UY9wu4VdMnhFuEAEEtgvPpMoP6jZTxyNfRLtD3MukjVPveymTu5lMiKxaxnAWsVjGMgoTRZ1xByQpxhJ_JHLJK38TnLxYZJQwc4ICRuXefqd0fW1lg,https://oldnavy.gap.com/browse/product.do?pid=873608002&vid=1&tid=onns000009
Old Navy Women's Mid-Rise Barrel Chino Pants,$28.00,women,https://encrypted-tbn2.gstatic.com/shopping?q=tbn:ANd9GcRla3wN-yAcxdhNQbtHNwLDmI3gMfr1vUng6sCy3HANRJsm6bphtBjQ_267bnZzfyK6K1I-ogKCnUPOZ2CRx45U5rpfwyy6qAsoIWux3yRqOVsSkSCoiFieLaE,https://oldnavy.gap.com/browse/product.do?pid=873608002&vid=1&tid=onns000009
Old Navy Women's Stevie Straight Pants,$24.00,women,https://encrypted-tbn3.gstatic.com/shopping?q=tbn:ANd9GcTbTx9gkcNlZtXVA9BUrCMJ5KgG3xh_PNvUJ4T2JOPy7uRfGT5j5ZFaaYequQeO5W-U91bnn8ABfrI4XeWvo9XWHdN65vXNE6HFC0_pOsmQvJgbOfj_pn8MuA,https://oldnavy.gap.com/browse/product.do?pid=873608002&vid=1&tid=onns000009
Old Navy Women's Stevie Wide-Leg Pants,$22.00,women,https://encrypted-tbn3.gstatic.com/shopping?q=tbn:ANd9GcQzAmIOkNYsA-YYSJ3FyhM6-SFQG4Ic4xJtmfunE92Dbx1Orzo4OZRfX4SmvAHblecA2mszPTAWqBjfRK50IRSEUkZ1qQvRIyF9GsZDChE-,https://oldnavy.gap.com/browse/product.do?pid=873608002&vid=1&tid=onns000009
Old Navy Women's Twill Barrel Cargo Pants,$24.00,women,https://encrypted-tbn2.gstatic.com/shopping?q=tbn:ANd9GcQ0X5CYFaej1MIZhVROHeQ0xVpbwjGQMpPduny9WM3q2sZfwhjCnagkGvPSwkyp42jhUS98KFUCCHimp-72tofaq-sn3_c6kz4u_27DC4Obti8A5BcUa5x9Flk,https://oldnavy.gap.com/browse/product.do?pid=873608002&vid=1&tid=onns000009
OMW Save The Duck Women's Wide Pants,$168.00,women,https://encrypted-tbn1.gstatic.com/shopping?q=tbn:ANd9GcTaYpB7BbblS94tz98Wrzwep41tSdzBZdFazY632sOvbg9CtfyAJLB7THL2SsSQ7Nhfp9dysjl6eG19Sz-GTr2fnpNmaPJEyG_2Lz8tWip-kKF4K26duhienQ,https://www.google.com/search?udm=28&q=OMW+Save+The+Duck+Women%27s+Wide+Pants
Patagonia Men's Twill Traveler 5-Pocket Pants,$135.00,men,https://encrypted-tbn2.gstatic.com/shopping?q=tbn:ANd9GcQA8r96i2b--Kj5r7XCP0Ia-rDn_q4Wu8WxJ5UtQWJqhmPPRPAsjbk-Vw9i0iFwR5U1JqS4qQOvckvhsaVKqvo9A4yDTyQJNZpRvGBOSAgEJTkD-3145mo5,https://www.google.com/search?udm=28&q=Patagonia+Men%27s+Twill+Traveler+5-Pocket+Pants
Perry Ellis Men's Slim Fit Total Stretch Suit Pants,$59.00,men,https://encrypted-tbn3.gstatic.com/shopping?q=tbn:ANd9GcRxO37s0NWMh2OmQeCRW-PIxlykfBAfXwo40PiQH8z3RltjAny8Nt6q6caGwVTiPF4VkM1ub4Xy5U7eRjQSQ3-aO6q3gkzvm3SGCV-NGFtHWShF9je7plXc3A,https://www.google.com/search?udm=28&q=Perry+Ellis+Men%27s+Slim+Fit+Total+Stretch+Suit+Pants
PETAL & PUP Women's Axel Pant,$69.00,women,https://encrypted-tbn1.gstatic.com/shopping?q=tbn:ANd9GcRLASGZzv3FAAQZbNhXiibSk1TEEAyFfYBRk76MZorJudv5vvxmRFSWbZ303HW-QQmMWWRAUsvX9uCTZv23i6Ie1M3w8W6pwGJRz4CS-5oZxQo5hsTrYhNKaw,https://www.google.com/search?udm=28&q=PETAL+%26+PUP+Women%27s+Axel+Pant
Petal & Pup Women's Dalton Wide-Leg Cotton & Linen Pants,$79.00,women,https://encrypted-tbn3.gstatic.com/shopping?q=tbn:ANd9GcR-XbWUrCuOE8KbVZj-LhVgwyRwq9mgrX4THGgpfbWCG88zYWzNZ16CX2KaTRSKWkq3zQhsNRfPSqccpaPue530OkL0MuyjlmapXxczXznhOZkSKNpljkwIs4c,https://www.google.com/search?udm=28&q=Petal+%26+Pup+Women%27s+Dalton+Wide-Leg+Cotton+%26+Linen+Pants
Petal & Pup Women's Kieran Wide-Leg Pants,$31.60,women,https://encrypted-tbn2.gstatic.com/shopping?q=tbn:ANd9GcSPF6IoLg5Lp161F0yZcFg_lftLa6ZNmf6Tg1Ypfc7WvJJxYILVAvQtEuhYxpF3asyCU48Uv0PUmNrcRIChRTTtfl_Zaz2VOcZ_sBsgYN6RX9jzx5QnWu0AiA,https://www.google.com/search?udm=28&q=Petal+%26+Pup+Women%27s+Kieran+Wide-Leg+Pants
Petal & Pup Women's Neveah Floral Print Wide-Leg Pants,$69.00,women,https://encrypted-tbn2.gstatic.com/shopping?q=tbn:ANd9GcQSZFhf79lrDxKXMh92W0RaQC8-8DYplywsu8UjsHDHDak6LseWx9zKuvBWyVwxQuZSYrqVhzZ8NRQoYWJyIU_lnbsYyDMxpePlFqIthg2vOyckn19NRDimHQ,https://www.google.com/search?udm=28&q=Petal+%26+Pup+Women%27s+Neveah+Floral+Print+Wide-Leg+Pants
PETAL & PUP Women's Petal and Pup Eleanor High Waisted Pants,$69.00,women,https://encrypted-tbn3.gstatic.com/shopping?q=tbn:ANd9GcSVjLIRRkE2i6psFjgSNGwFx6n-ziaKEqJOrwgE7C4o4z2Uijq6KvsoljkwxaazcKzfzkKdiBXlPV4oe2nTl5tnxGNRZ4x4CPqnk7SimqhWlSB4r__gLC5o,https://www.google.com/search?udm=28&q=PETAL+%26+PUP+Women%27s+Petal+and+Pup+Eleanor+High+Waisted+Pants
"Prada Grisaille Pants, Woman, Grey, Size 40","$2,400.00",unknown,https://encrypted-tbn2.gstatic.com/shopping?q=tbn:ANd9GcSUb-5cX7PMpSX3VWudwu0nmkWzyVRcWkyrdhAIFsMkf115VYsoGd1EW7MqeQ2Yqpg8rVrTvQ9DQPq9W797zbd5VJXaizK9qHRffFRXERbu-5w14u_t83jfEcHLt2YLMngNUd8IuvA&usqp=CAc,https://www.prada.com/us/en/p/grisaille-pants/P268J_16SZ_F0031_S_OOO
prAna Men's Stretch Zion Pants,$98.00,men,https://encrypted-tbn0.gstatic.com/shopping?q=tbn:ANd9GcRnV8gUdwt-52bBek8r4q-pD36Vx1PLJz0ZkNbyMpuxTnrTRn_VTpaoO-1zzxr7YQw1LHAAN6fKE-1ygY-puz8ALexfxW1ZwueqMMImLuNo69AGKaW-DY22HA,https://www.google.com/search?udm=28&q=prAna+Men%27s+Stretch+Zion+Pants
prAna Men's Stretch Zion Standard Cargo Pants,$98.00,men,https://encrypted-tbn2.gstatic.com/shopping?q=tbn:ANd9GcSYIBh7AvkQLTYaKhX9nlSBO3xnC3YCQKZZvFnTbgyWA0m68dmIhOnUZ4GQVI5utKc7OQW8o8NXgq93OiOZ_xK3WnsOV56J1FxNf-Qp-lJ3K8y8ZZBnVtZ-3L4,https://www.google.com/search?udm=28&q=prAna+Men%27s+Stretch+Zion+Standard+Cargo+Pants
Quince Women's European Linen Pants,$42.00,women,https://encrypted-tbn2.gstatic.com/shopping?q=tbn:ANd9GcT_gzrcp02FVFYAs10-L7CBXsddkUPKuUBsZdWLQRHGXd0lGha4iO0aFTTVweLRQgQbPATPXHk_mp8i_qI5LdFq_GhHgNiRprRuM0yHSY_tTjvDPFPuW_Rk,https://www.google.com/search?udm=28&q=Quince+Women%27s+European+Linen+Pants
Quince Women's European Linen Wide Leg Pants,$42.00,women,https://encrypted-tbn2.gstatic.com/shopping?q=tbn:ANd9GcR2HAgm6COuqBq3xCx-uo_cVfdZaZBoGxe2XlWOJBvKw7HbVDs2G6M4ylyGuNY815Pb5fR8tPM7A1Vq9vT0aNOjkPINXItMed99v6COX-lRr3reCLzZLLcS,https://www.google.com/search?udm=28&q=Quince+Women%27s+European+Linen+Wide+Leg+Pants
Quince Women's Italian Wool Straight Leg Pants,$99.90,women,https://encrypted-tbn1.gstatic.com/shopping?q=tbn:ANd9GcSELywYLKxV6S3y3jB3FEgICqJw9sWpGNSF3-YeDe5mfdR2oLYZjhpMICJmj2GBZDV4NAAm6o-OIsskrAWgrAlXX_9Gsehumm52SHAMVhkNHIn3ocsCtXTL,https://www.google.com/search?udm=28&q=Quince+Women%27s+Italian+Wool+Straight+Leg+Pants
Quince Women's Ultra-Stretch Ponte Straight Leg Pants,$39.90,women,https://encrypted-tbn2.gstatic.com/shopping?q=tbn:ANd9GcTU__XJ4CCrMaNp-fPkFWytz83W6HZYLx1Ksmas5KerltjrzcoIYBRRaZr8fQnlIcyKy0DvFXFCf07ljEFSD6daiCHbdqYFbT32EIIpN0ozh5gHIJYdFN15,https://www.google.com/search?udm=28&q=Quince+Women%27s+Ultra-Stretch+Ponte+Straight+Leg+Pants
Redhead Ultimate Work Pants,$26.98,unknown,https://encrypted-tbn3.gstatic.com/shopping?q=tbn:ANd9GcRLlpIOex8k75-s4KDyP77PYSouDftY7adVfcUsfCSxJrC6hCVErALVX6c8NeygX-Wo05H9l7l_TGxDUdy3AjpMSZkVGcvpzeOYdj_AJVLles0q_INS7z92,https://www.google.com/search?udm=28&q=Redhead+Ultimate+Work+Pants
"STRAUSS | Chino Pants e.s.e:pic | Durable Construction Pants, Jeans and Industrial Workwear | Black | 34X42",$79.00,unknown,https://encrypted-tbn2.gstatic.com/shopping?q=tbn:ANd9GcQvC9lMA2ATGfQ2XWfZ3msJ9uEvwnjqhWvADVM5IItPB-FhYnamVWO0nk0QdVtvq0Fw2jTuACMmmNjkEc9ilzQjqoDW1lmeEnBRCkj-wWIdf5x-KYkPrOry,https://www.engelbert-strauss.de/en/womens-workwear-trousers/trousers-e-s-trail-pure-ladies-3312090-96075-1.html?msockid=1d2397bf1c0a6b310d3880921d3a6ac8
Technical Pants Collection for Men,$85.00,men,https://encrypted-tbn1.gstatic.com/shopping?q=tbn:ANd9GcSZjd0T_jvME7F9gvJPzrgE6HwAX0cRguX4HF-ikio_RqBTQpk0aTznKHJ44IDse0_fowbl-YBc2nFSEU2vA0iNqb7uREZbxFETmOoTZNX9GwjczjCUeDir4g,https://www.google.com/search?udm=28&q=Technical+Pants+Collection+for+Men
Turtleson Stone Twill Chino Pants,$150.00,unknown,https://encrypted-tbn3.gstatic.com/shopping?q=tbn:ANd9GcT4jcAbL-sPKNeVvAx_L15v7lEwkRgnQsdEoEDtD_64U5Q2fWLZcWDIH53QrbzfiiChIlgoAV8C-BgTfG03RL6y5lARyOTko240QjeNvMizapMfEu4uBjD4,https://turtleson.com/collections/sale-items
Unbound Merino Women's Travel Pants,$218.00,women,https://encrypted-tbn2.gstatic.com/shopping?q=tbn:ANd9GcSFpUXSjG--yzgRze2ES1QKC1ECLBcCywpJkQ8brXgHN0htdBlLdi5z4p9zcTVyYnNaW57GAGgGnYFDbzP7EazVN7ojc7tRVgXA6hLKW4iJGCiTebnDQoO8,https://unboundmerino.com/products/womens-merino-travel-pants
UNIQLO Men's Sweatpants,$39.90,men,https://encrypted-tbn2.gstatic.com/shopping?q=tbn:ANd9GcR-R0jnmSEnwz3RC3m3O1jrotFpV2G4KB7OZY2SlOTGmsYdVslrIeBd1wa9W5EbrtnL60rUxx-T-0Ci9piJbcJzjFN6RNmtyOrL0kP1o50hzLZEVPp2bkeTfIM,https://www.uniqlo.com/us/en/products/E465206-000/00?colorDisplayCode=31&sizeDisplayCode=008
"UNIQLO Men's Ultra Stretch Active Jogger Pants, Beige, Size 3XL",$49.90,men,https://encrypted-tbn3.gstatic.com/shopping?q=tbn:ANd9GcRoY8jvHRsOUGo-9lh6Dboblvq0pY4s7TaBn2YKqkXnbp_B2hS_w49rTG5sID9Q54Mh23bau16eaJHkEBapcMqdvGHF09GZ65ehaN31go9Bb7Inuc02SJNG9Trdd1RqBgI9T-PV0k04&usqp=CAc,https://www.uniqlo.com/us/en/products/E465206-000/00?colorDisplayCode=31&sizeDisplayCode=008
UNIQLO Men's Ultra Stretch DRY-EX Tapered Pants,$49.90,men,https://encrypted-tbn1.gstatic.com/shopping?q=tbn:ANd9GcTZbHqF_8BqZC8b3_ZBLy9rSLpHOr6j3c9ttcFToU2XK6kAUwoonsRffDv-eevxd011dl45avj_i14b-ba03ydhymmAefvSV97nvpYIOcGg836VsVMkkYpjNqY,https://www.uniqlo.com/us/en/products/E465206-000/00?colorDisplayCode=31&sizeDisplayCode=008
UNIQLO Men's Ultra Stretch Tall Nylon Pants,$59.90,men,https://encrypted-tbn1.gstatic.com/shopping?q=tbn:ANd9GcTAQXzwNWBs0SrtxrvUmn8kvqoYCB6s8o4gp9914ywRfe5zuSKqlHHUUWLqzDVWsVqRTuDJ9wB5ei8x4Bd7nRUrpwt9K3R4Cocz2VRY0g6HFadHyeH1F54dhdYN,https://www.uniqlo.com/us/en/products/E465206-000/00?colorDisplayCode=31&sizeDisplayCode=008
UNIQLO Stretch Easy Ankle Pants,$49.90,unknown,https://encrypted-tbn3.gstatic.com/shopping?q=tbn:ANd9GcS2OSNRBwPw31wie1cniFcHceciMcv_U6rfyi42I74aCRIOzeNgdWBCzRL82ueJ-CyHkL-YCXtVAlRnQ7yASHrZT698kW13SAswGUE0IKCbtVBG3V7cytI5gek,https://www.uniqlo.com/us/en/products/E465206-000/00?colorDisplayCode=31&sizeDisplayCode=008
UNIQLO Women's Drape Easy Pants,$39.90,women,https://encrypted-tbn0.gstatic.com/shopping?q=tbn:ANd9GcSXo1eda7qCBZRj_tFpJNKGAEFLxxHf6Lo0I2SfvqgPEy3znvufNN8RRYfv08je5vx-RTgwx5uoJJYnmc6rbo4KDjLp4k6j1nM05zL4sFccH3CW5DYHXN2S0pg,https://www.uniqlo.com/us/en/products/E465206-000/00?colorDisplayCode=31&sizeDisplayCode=008
UNIQLO Women's Relaxed Cotton Ankle Pants,$39.90,women,https://encrypted-tbn1.gstatic.com/shopping?q=tbn:ANd9GcSTN83vD8BQ7KeueQ3u50KMzwNP-sx3jFBwLJH0lolsIiDYPSuXkX1TX9DA-o4kfV7r4WRhBvRH0zm4z62AX9ZsSsbqCMNa_AbhHk1B8O0c5XwX6xE8O5d7VEo,https://www.uniqlo.com/us/en/products/E465206-000/00?colorDisplayCode=31&sizeDisplayCode=008
UNIQLO Women's Smart Wide Pants,$49.90,women,https://encrypted-tbn1.gstatic.com/shopping?q=tbn:ANd9GcQo2-oJHW1JyNuCBAVmXGYOUwrRPUHtN3Q_tO8-KW3hVCxZywp_RhgJmik7loEwxKZqZ4StMOjqiFXW6-ItZuJIdFmOzhDbx47zGAf5fIzQruoqZTcCgOg0mA,https://www.uniqlo.com/us/en/products/E465206-000/00?colorDisplayCode=31&sizeDisplayCode=008
UNIQLO Women's Smart Wide Striped Pants,$49.90,women,https://encrypted-tbn3.gstatic.com/shopping?q=tbn:ANd9GcRvzwiCIROdBiV2e1nx7DmK4ZeScnoE6BTFAfsA1Frd1ukiPtzoRi3phIqn5z3PFW_QWJTIBV6bYBctYFSBXu-BoZQTuM-wyWQ_eaemPZwfQnve8VSYlEoO0m0,https://www.uniqlo.com/us/en/products/E465206-000/00?colorDisplayCode=31&sizeDisplayCode=008
UNIQLO Women's Tall Smart Ankle Pants,$49.90,women,https://encrypted-tbn3.gstatic.com/shopping?q=tbn:ANd9GcRZ0ar-UKAxPS8GZLMSxztnhw2oWsK_ckJpsKygTlbwEPhfVLmOC03m9XLvVBCMZTIX29VR6ZPtfTK0vLBCGVQzudXEnDJk_DgP4fNGivmEgQ3Hbh0SS_tU_CA,https://www.uniqlo.com/us/en/products/E465206-000/00?colorDisplayCode=31&sizeDisplayCode=008
UNIQLO Women's Tall Smart Wide Pants,$49.90,women,https://encrypted-tbn0.gstatic.com/shopping?q=tbn:ANd9GcTT9zyN7ebFh0ydp1iM_JTgNp-yh8bYOPa47d08AOTefX5DAVyn9HbUFC_SoOYsIm_jUoCfrKKXPaF8D91wj042kBiRxnd_a2YfGBeYXDhdauyBFTBVyByqQwo,https://www.uniqlo.com/us/en/products/E465206-000/00?colorDisplayCode=31&sizeDisplayCode=008
UNIQLO Women's Ultra Stretch Active Wide Pants,$39.90,women,https://encrypted-tbn2.gstatic.com/shopping?q=tbn:ANd9GcQSC62RkbbQj0TKiTZSKf4zgR1kGwSB26-oz0G8pZDB_4mUgf3BYRmIThKskaSky7pG2wA9o0Ei_o8C9OxZTeSkgqJ6x8FVHhNAO1WEDFL-vNcdhJjBYvAkjw,https://www.uniqlo.com/us/en/products/E465206-000/00?colorDisplayCode=31&sizeDisplayCode=008
Viktos Dustup Pants,$115.00,unknown,https://encrypted-tbn0.gstatic.com/shopping?q=tbn:ANd9GcS7PXtcK_BldQXdj1drR3l7R11Tg8ZN8KH3oKE2_lMUYiwfGgvSvJMVTAx_txW7BzQywtnpOiKXLv8_CnqNYmXPrNtnmuxL6MGjOJCkoMrUULHEmUCRrHxTZg,https://www.google.com/search?udm=28&q=Viktos+Dustup+Pants
Vuori Men's Meta Athletic Pant Slim,$138.00,men,https://encrypted-tbn1.gstatic.com/shopping?q=tbn:ANd9GcRfZ_Q67yFl0_gTtN9IAD0szEWznD1xhOVm94SEEDP9farq5DIzlHfHy14EHqQSrG4V95Y90sfcwyGxqGzItGIxp3UZVGBriCZxKW2PLssGV7hI1x6npw4qog,https://www.google.com/search?udm=28&q=Vuori+Men%27s+Meta+Athletic+Pant+Slim
Women's Abercrombie & Fitch A&F Sloane Tailored Wide Leg Pant,$69.99,women,https://encrypted-tbn2.gstatic.com/shopping?q=tbn:ANd9GcRcuSvQeg1kZnH2mh5Oe-Y2ASHkQH95XJv2kfvRWP4jsHHFOeydilmE90KOk7QVBfUU7bXNWIXKMXG9A6E2RooioQqn77uuj1uqIhnrMl3V707_yNDiPOaYjJU,https://www.google.com/search?udm=28&q=Women%27s+Abercrombie+%26+Fitch+A%26F+Sloane+Tailored+Wide+Leg+Pant
"Women's Croft & Barrow Effortless Stretch Pull-On Straight-Leg Pants, Size: 12, Cobblestone",$25.49,women,https://encrypted-tbn1.gstatic.com/shopping?q=tbn:ANd9GcRqmL_AohCOzPpAXXHEQwMzHOzkwEKc9RZZra0PLfNmDseKjINWo-56ZdRgZfzvvwoGRdcEvBm8eQXYZ3OEFAMcExdSwDZumUiZQotIsuUaHcI3R3JSbkc-,https://wearpact.com/women/apparel/all%20bottoms/stretch%20twill%20wide%20leg%20pant/wb1-w5w-mnu
Women's Effortless Pant,$148.00,women,https://encrypted-tbn3.gstatic.com/shopping?q=tbn:ANd9GcRz8HIPP5mQPxBSZtLGpf6JZeuboiWvm7SD5KlK8ll-CvtB5KnlCIdlLQy8EzjxmJ2VyamJNZnHIJs76fTHsRZAfXjo7kdtxggnY3zs0iU7a5095HXVuIQx9g,https://www.google.com/search?udm=28&q=Women%27s+Effortless+Pant
Women's Fashion Nova Undecided Path Crepe Woven Wide Leg Pant 33,$15.98,women,https://encrypted-tbn2.gstatic.com/shopping?q=tbn:ANd9GcQpeHi6fsdovGKhjwj5eWammgXzi0sQ3SrbAW2Jt62BaiyO5G3z4d2jlflXtw-TS8syuctEiklGKdWZhrA1eX7xDHUVBunr1CuMln-e2nwvtp6RmrCw_sjrkBM,https://www.google.com/search?udm=28&q=Women%27s+Fashion+Nova+Undecided+Path+Crepe+Woven+Wide+Leg+Pant+33
Women's Lee Wrinkle Free Relaxed Fit Straight Leg Pants,$34.99,women,https://encrypted-tbn0.gstatic.com/shopping?q=tbn:ANd9GcRMvABwY7MfQmhtFICUApJcvFcZpfFf0MvOxa54peOpm0hQou3bplRzbXMuGZVmBeiOzEw_sI4Hg_P5QGqpDCehOjzUpLJOBnkLAbYQYdFLT6x4CauBPY5x,https://www.google.com/search?udm=28&q=Women%27s+Lee+Wrinkle+Free+Relaxed+Fit+Straight+Leg+Pants
"Women's Organic Airplane Pintuck Wide Leg Pant in Deep Taupe Heather | Size Large, 29"" Inseam | Fair Trade by p a c t",$78.00,women,https://encrypted-tbn0.gstatic.com/shopping?q=tbn:ANd9GcRMj1dW6f3UekQ0EwuOWf6dGNE11rc0gTSjgqzPwJ0V9dH1hNUK1SAs3qYVye--qSP18RAeMIyE6swPkHTL4l6wGXT2tZK1iTDgfY5goiqBdkhTOdK2wPzBKA&usqp=CAc,https://wearpact.com/women/apparel/all%20bottoms/airplane%20pintuck%20wide%20leg%20pant/wa1-w9j-dth
"Women's Organic Stretch Twill Wide Leg Pant in Midnight Blue | Size Large, 30"" Inseam | Fair Trade by p a c t",$88.00,women,https://encrypted-tbn0.gstatic.com/shopping?q=tbn:ANd9GcTPXcwgd1Tr_1AFKKRoj0sFbtmi11D5Sgd0XvLr1sQNqBwRuDxqOGptha95-HLMP3B7KiivkmFysRDYEm-sO82Jn8LmyrgK6GeBBY7taV68tP90RYZH5vA5PA&usqp=CAc,https://wearpact.com/women/apparel/all%20bottoms/stretch%20twill%20wide%20leg%20pant/wb1-w5w-mnu
"Women's Organic Stretch Twill Wide Leg Pant in Oak | Size Large, 28"" Inseam | Fair Trade by p a c t",$88.00,women,https://encrypted-tbn0.gstatic.com/shopping?q=tbn:ANd9GcT6ryzTJbqoe321SztCLVcYQRnLufu1-IAGmjiQoAQmo68wKLPuYD9kSAe33smw-SPK0yM9zZxs3v50XjtHjMKY-ixrsN94CWHMbvu4EX6sOzRnZAf2tUV97g&usqp=CAc,https://wearpact.com/women/apparel/all%20bottoms/stretch%20twill%20wide%20leg%20pant/wb1-w5w-rav
"Women's Sonoma Goods For Life Comfort Waist Pants, Size: Large, Filigree",$33.99,women,https://encrypted-tbn1.gstatic.com/shopping?q=tbn:ANd9GcTsq8_J-TvPuGsQL0BT6EEk9myLjwYxBQdoRflqjqbwk1naLfVxRMR6wPXxpw2DnljpMgC-Sma_-PXxNKJG4XVZhnjBdc3MbwRNbG2ldkA099g_TgPCPeneOg,https://www.google.com/search?udm=28&q=Women%27s+Sonoma+Goods+For+Life+Comfort+Waist+Pants%2C+Size%3A+Large%2C+Filigree
"Women's Sonoma Goods For Life Comfort Waist Pants, Size: Large, Scenic Mauve",$33.99,women,https://encrypted-tbn0.gstatic.com/shopping?q=tbn:ANd9GcQ0eZFFrwVInxLsjCEBc8HLCMKHQ8nu6j74Q_WXDcE-l2u-SDUkYWnpptPyxDNG4JvlG_ErsBiYtIqfemcdfYlw5958icCaumGGBrEPD1olagAAuk-iDO7HRQ,https://www.google.com/search?udm=28&q=Women%27s+Sonoma+Goods+For+Life+Comfort+Waist+Pants%2C+Size%3A+Large%2C+Scenic+Mauve
"Women's Sonoma Goods For Life Comfort Waist Pants, Size: XXL, Relevance Blue",$33.99,women,https://encrypted-tbn0.gstatic.com/shopping?q=tbn:ANd9GcQA6t1xKlLWBuANPXBqrp8Ck1-f1VF3JuTHnV8_nqSNrpkmx7K_a66gdePBbi6d_ll6f2XdP4fu6A4KsU7cQZ88Nuk8lZkKFFCCfip8cN6y0u8fLKuLDVPyXw,https://www.google.com/search?udm=28&q=Women%27s+Sonoma+Goods+For+Life+Comfort+Waist+Pants%2C+Size%3A+XXL%2C+Relevance+Blue
"Women's Sonoma Goods For Life Patch Pocket Pants, Size: Large, Lanie Beige",$33.99,women,https://encrypted-tbn1.gstatic.com/shopping?q=tbn:ANd9GcR2ukMpgxJl0n9uIx56-rTzDlxRRJuwUupLYr2R3i2G6UKY8nWWedsNCup1nFBJT61hAhK2U3sagic7YoFlzKx9lAedaOQbc0cHwb3w6x3krlGKf-tx0riFNQ,https://www.google.com/search?udm=28&q=Women%27s+Sonoma+Goods+For+Life+Patch+Pocket+Pants%2C+Size%3A+Large%2C+Lanie+Beige
"Women's Sonoma Goods For Life Patch Pocket Pants, Size: XXL, Manolo Olive",$33.99,women,https://encrypted-tbn3.gstatic.com/shopping?q=tbn:ANd9GcRhl_QYalxj25dBNb5HZU50d7TzLwnP5ibDT7CHoRdhC4ENFWykjwvmB59dNpvGzzVyVPs2ucFzjxD0Ds2D09FnhkwZes3ECw30H9NzdmepiyxCYrgZ00JZ1A,https://www.google.com/search?udm=28&q=Women%27s+Sonoma+Goods+For+Life+Patch+Pocket+Pants%2C+Size%3A+XXL%2C+Manolo+Olive
Women's Talbots Relaxed Bootcut Cotton Bi-Stretch Pants,$129.00,women,https://encrypted-tbn3.gstatic.com/shopping?q=tbn:ANd9GcQ1kIc9uFxmTHvIDnEIq7WDsZmYA1_r41PKsQrseT9ZbPmfyih6SKFlXSTLQ4KI0C-IRc00KRIO_Uci9p301wuaG58wdz4Vx5Ll2rVi-zzBSUqHCKQ6r4KKVg,https://wearpact.com/women/apparel/all%20bottoms/stretch%20twill%20wide%20leg%20pant/wb1-w5w-mnu
Women's Talbots Tech Stretch Straight Leg Pull-On Pants,$62.65,women,https://encrypted-tbn1.gstatic.com/shopping?q=tbn:ANd9GcQQBNx0G83aUu5mVHVsvWv-5bTc7hPWNqZ4GDHowk2bl-XuqyJEyQ2P0BIKnIVOa_Q27z0l8Y3DFgLUXJ5JWH0_d9PteUyf3tGBAgONExIxRDTs6OAVYGH_iA,https://wearpact.com/women/apparel/all%20bottoms/stretch%20twill%20wide%20leg%20pant/wb1-w5w-mnu
Wool Trousers,$103.29,unknown,https://encrypted-tbn1.gstatic.com/shopping?q=tbn:ANd9GcTM2ZaKTmy3yo81zX-OJp-NBt74R0kQ1R4RirKuaeArPqTbVdyClDaW-BtpfpblTnmyr6NvZ4bzeqSEkC1wtOtgNIBtzdwxsFdiiMxWQHhFMsNi0rRzoOaq,https://www.google.com/search?udm=28&q=Wool+Trousers
World Tour Sweatpants London L,$150.00,unknown,https://encrypted-tbn1.gstatic.com/shopping?q=tbn:ANd9GcSzdHWrHUQnl-zEf_wlnlAlRZx5hnpyPohNf6v8TWtTpqEV93TLBXV_FXIZGzX9E5cEKKqxwVFgAQIaGv3pVyK4009ww09CSMk95mCJNO6fd9DtKKbiIWv-&usqp=CAc,https://hommefemme.com/products/world-tour-sweatpants-london?variant=47938632712347&country=US&currency=USD&utm_medium=product_sync&utm_source=google&utm_content=sag_organic&utm_campaign=sag_organic
Y2k Cargo Pants,$85.00,unknown,,https://www.google.com/search?udm=28&q=Y2k+Cargo+Pants
Y2k Streetwear Pants,$78.03,unknown,,https://www.google.com/search?udm=28&q=Y2k+Streetwear+Pants
z supply Scout Jersey Denim Pant,$69.00,unknown,https://encrypted-tbn1.gstatic.com/shopping?q=tbn:ANd9GcT8om-PDfsRv-rAk7hTTW0g7SkFse2nGCSeB7k_GOOtRbyZOh9VD-T05YZxnl7ofiawvqvc3OF3Krty8pVV5aEHT29hQnSbNbSeZ4WVhh3o3V0SrGWdJ-tx9w,https://www.google.com/search?udm=28&q=z+supply+Scout+Jersey+Denim+Pant
Zara Men's Relaxed Fit Textured Pants,$69.90,men,https://encrypted-tbn3.gstatic.com/shopping?q=tbn:ANd9GcQ40-taQDpZLmk_0rZ1qJ0o4FwTTH_opO8fS26jsmJOc0OKCBjVi6smk-8oQe3ATSL7HCG6AxLsla1CJJGN8S856a8Y_arAOEzRt6NUIscDtunhDKrd1Qhg,https://www.google.com/search?udm=28&q=Zara+Men%27s+Relaxed+Fit+Textured+Pants
Zara Women's Soft Touch Palazzo Pants,$23.94,women,https://encrypted-tbn0.gstatic.com/shopping?q=tbn:ANd9GcScJkxdj8rEnQXUt7PHErTSxOKN8dxKH2N2j8EXXnwv-xiSXzwEUYWT_A805C1anEAPzgSfuHpTrwQojGtbN9RlTPm_y_S0FscVdwNJeYNjH0R9mWEdd2cs,https://www.google.com/search?udm=28&q=Zara+Women%27s+Soft+Touch+Palazzo+Pants
